name,N,rMax_kpc,amp,newtonAmp,rms_fw,rel_rms_fw,sigma_rms_fw,chi2nu_fw,max_sigma_fw,frac_fw_within_1sigma,frac_fw_within_2sigma,frac_fw_within_3sigma,rms_mond,rel_rms_mond,sigma_rms_mond,chi2nu_mond,max_sigma_mond,frac_mond_within_1sigma,frac_mond_within_2sigma,frac_mond_within_3sigma,rms_newton,rel_rms_newton,sigma_rms_newton,chi2nu_newton,max_sigma_newton,delta_sigma_mond_minus_fw,winner_by_sigma,r4,r5,edge_width_pct,outer_extension_pct,edge_bounded_1pct,edge_bounded_5pct,edge_bounded_10pct,has_mond_components,has_bulge_component,remap_on,remap_delta,remap_rc,n_remapped,max_remap_kpc,mond_disk_ml,mond_bulge_ml,mond_g_dagger_m_s2
MilkyWay,21,28.000,1267,273.200,1.463,0.00662,0.308,0.095,0.588,1.00000,1.00000,1.00000,,,,,,,,,50.126,0.24656,6.098,39.047,8.616,,framework,0.992,1.000,0.800,0.000,1,1,1,0,1,0,0.021,0.100,0,0.000,0.500,0.700,0.000
M31,42,120.000,1116,400,12.055,0.05882,0.696,0.484,2.493,0.90476,0.95238,1.00000,,,,,,,,,87.874,0.46165,3.004,9.244,6.776,,framework,0.994,1.000,0.600,0.000,1,1,1,0,1,1,0.023,0.100,16,2.660,0.500,0.700,0.000
CamB,9,1.790,100,13.589,0.568,0.08314,0.379,0.143,0.757,1.00000,1.00000,1.00000,15.602,2.04810,10.402,108.193,12.062,0.00000,0.00000,0.00000,2.716,0.58027,1.811,3.689,3.542,10.023,framework,0.948,1.000,5.200,0.000,1,1,1,1,0,0,0.021,0.100,0,0.000,0.500,0.700,0.000
D512-2,4,3.830,207.025,33.132,0.726,0.02736,0.225,0.050,0.407,1.00000,1.00000,1.00000,6.543,0.19679,1.632,2.664,1.954,0.00000,1.00000,1.00000,1.580,0.04656,0.456,0.278,0.763,1.408,framework,0.990,1.000,1.000,0.000,1,1,1,1,0,0,0.021,0.100,0,0.000,0.500,0.700,0.000
D564-8,6,3.070,220.852,23.400,0.071,0.00313,0.037,0.001,0.066,1.00000,1.00000,1.00000,7.158,0.49380,4.278,18.299,5.658,0.00000,0.00000,0.00000,1.893,0.13654,1.063,1.356,1.607,4.240,framework,0.940,1.000,6.000,0.000,1,1,1,1,0,0,0.021,0.100,0,0.000,0.500,0.700,0.000
D631-7,16,7.190,103.691,32.154,0.659,0.01276,0.189,0.036,0.523,1.00000,1.00000,1.00000,10.481,0.55178,5.482,30.051,8.984,0.37500,0.37500,0.43750,3.869,0.28516,1.905,3.871,5.588,5.293,framework,0.998,1.008,1.000,0.800,1,1,1,1,0,0,0.021,0.100,0,0.000,0.500,0.700,0.000
DDO064,14,2.980,104.700,28.623,0.758,0.02423,0.140,0.020,0.257,1.00000,1.00000,1.00000,3.521,0.16067,0.632,0.399,1.169,0.92857,1.00000,1.00000,4.771,0.28969,1.022,1.125,1.658,0.492,framework,0.996,1.006,1.000,0.586,1,1,1,1,0,0,0.021,0.100,0,0.000,0.500,0.700,0.000
DDO154,12,5.920,101.879,30.245,0.636,0.01582,1.399,1.958,2.407,0.50000,0.83333,1.00000,4.433,0.20372,9.439,89.091,15.767,0.00000,0.00000,0.00000,2.165,0.11317,4.518,22.264,8.573,8.040,framework,0.950,1.016,6.598,1.635,0,1,1,1,0,0,0.021,0.100,0,0.000,0.500,0.700,0.000
DDO161,31,13.370,565.476,68.465,2.029,0.04740,1.671,2.794,7.075,0.74194,0.87097,0.93548,18.512,0.43559,12.231,149.598,24.243,0.00000,0.03226,0.09677,1.920,0.08373,0.995,1.024,2.543,10.560,newtonian,0.990,1.000,1.000,0.000,1,1,1,1,0,0,0.021,0.100,0,0.000,0.500,0.700,0.000
DDO168,10,4.120,104.919,31.752,0.693,0.01692,0.444,0.197,0.883,1.00000,1.00000,1.00000,7.823,0.30584,5.483,30.059,10.028,0.20000,0.40000,0.60000,4.079,0.16668,2.636,7.720,4.325,5.038,framework,0.978,0.988,1.051,0.000,1,1,1,1,0,0,0.021,0.100,0,0.000,0.500,0.700,0.000
DDO170,8,12.330,102.058,35.700,1.022,0.01662,0.982,0.965,2.565,0.87500,0.87500,1.00000,14.336,0.27141,12.346,152.423,16.271,0.00000,0.00000,0.00000,2.549,0.06854,1.905,4.147,3.604,11.364,framework,0.990,1.000,1.000,0.000,1,1,1,1,0,0,0.021,0.100,0,0.000,0.500,0.700,0.000
ESO079-G014,15,16.670,104.732,66.630,2.194,0.03995,0.352,0.124,0.894,1.00000,1.00000,1.00000,11.591,0.11931,2.827,7.992,4.623,0.20000,0.40000,0.46667,12.117,0.20554,2.086,4.663,4.642,2.475,framework,0.990,1.000,1.000,0.000,1,1,1,1,0,0,0.021,0.100,0,0.000,0.500,0.700,0.000
ESO116-G012,15,9.860,104.140,51.859,2.109,0.02947,0.672,0.452,1.301,0.86667,1.00000,1.00000,9.243,0.09180,3.589,12.884,6.971,0.20000,0.26667,0.66667,5.352,0.14973,1.608,2.769,3.145,2.917,framework,0.984,1.000,1.643,0.000,1,1,1,1,0,0,0.021,0.100,0,0.000,0.500,0.700,0.000
ESO444-G084,7,4.440,104.026,37.039,0.441,0.01160,0.171,0.029,0.296,1.00000,1.00000,1.00000,10.544,0.18726,5.271,27.787,11.345,0.00000,0.42857,0.57143,2.383,0.09970,1.100,1.411,2.546,5.100,framework,0.940,0.964,2.446,0.000,1,1,1,1,0,0,0.021,0.100,0,0.000,0.500,0.700,0.000
ESO563-G021,30,42.410,320.071,170.617,10.584,0.11520,1.441,2.076,5.409,0.63333,0.90000,0.96667,45.771,0.42705,7.317,53.539,22.210,0.03333,0.03333,0.20000,34.897,0.35225,5.411,30.294,13.975,5.876,framework,0.990,1.000,1.000,0.000,1,1,1,1,0,0,0.021,0.100,0,0.000,0.500,0.700,0.000
F561-1,6,9.660,102.442,31.116,0.909,0.02073,0.178,0.032,0.290,1.00000,1.00000,1.00000,32.442,0.72774,6.340,40.197,9.621,0.00000,0.16667,0.16667,2.451,0.07955,0.410,0.202,0.695,6.163,framework,0.990,1.000,1.000,0.000,1,1,1,1,0,0,0.021,0.100,0,0.000,0.500,0.700,0.000
F563-1,17,20.100,104.728,52.887,2.323,0.04931,0.234,0.055,0.540,1.00000,1.00000,1.00000,18.480,0.22789,1.667,2.778,4.038,0.35294,0.82353,0.94118,8.338,0.21969,0.897,0.856,2.527,1.433,framework,0.950,1.029,7.820,2.859,0,1,1,1,0,0,0.021,0.100,0,0.000,0.500,0.700,0.000
F563-V1,6,7.870,104.009,22.393,0.437,0.01591,0.087,0.008,0.157,1.00000,1.00000,1.00000,29.312,1.14621,5.862,34.368,8.391,0.00000,0.00000,0.16667,2.379,0.13325,0.476,0.272,0.692,5.775,framework,0.991,1.034,4.300,3.400,0,1,1,1,0,0,0.021,0.100,0,0.000,0.500,0.700,0.000
F563-V2,10,10.470,104.148,52.888,1.278,0.02450,0.085,0.007,0.155,1.00000,1.00000,1.00000,23.510,0.25373,2.080,4.328,4.632,0.40000,0.50000,0.90000,9.308,0.45399,1.044,1.212,2.047,1.996,framework,0.990,1.000,1.000,0.000,1,1,1,1,0,0,0.021,0.100,0,0.000,0.500,0.700,0.000
F565-V2,7,8.800,102.492,40.218,1.148,0.01430,0.190,0.036,0.483,1.00000,1.00000,1.00000,6.942,0.13197,1.046,1.094,1.561,0.42857,1.00000,1.00000,6.796,0.26637,0.717,0.599,1.427,0.856,framework,0.985,1.007,2.265,0.749,1,1,1,1,0,0,0.021,0.100,0,0.000,0.500,0.700,0.000
F567-2,5,9.590,102.141,32.724,0.792,0.01560,0.087,0.008,0.167,1.00000,1.00000,1.00000,19.372,0.41390,2.376,5.644,3.125,0.20000,0.40000,0.60000,3.483,0.09318,0.534,0.356,0.907,2.289,framework,0.973,1.016,4.349,1.617,0,1,1,1,0,0,0.021,0.100,0,0.000,0.500,0.700,0.000
F568-1,12,13.230,418.388,98.116,1.615,0.01899,0.143,0.020,0.244,1.00000,1.00000,1.00000,30.060,0.28128,2.628,6.904,4.241,0.25000,0.33333,0.75000,8.312,0.33763,0.811,0.718,1.933,2.484,framework,0.990,1.000,1.000,0.000,1,1,1,1,0,0,0.021,0.100,0,0.000,0.500,0.700,0.000
F568-3,18,17.980,679.506,92.604,1.629,0.04889,0.194,0.037,0.496,1.00000,1.00000,1.00000,7.985,0.26019,1.668,2.781,5.428,0.55556,0.94444,0.94444,12.568,0.31396,1.940,3.984,4.786,1.474,framework,0.952,0.998,4.600,0.000,1,1,1,1,0,0,0.021,0.100,0,0.000,0.500,0.700,0.000
F568-V1,15,17.630,104.873,62.110,0.879,0.01138,0.086,0.007,0.234,1.00000,1.00000,1.00000,25.829,0.25726,3.066,9.400,5.977,0.40000,0.66667,0.73333,10.059,0.27257,0.670,0.481,1.442,2.980,framework,0.961,0.982,2.075,0.000,1,1,1,1,0,0,0.021,0.100,0,0.000,0.500,0.700,0.000
F571-8,13,15.550,263.576,85.794,2.860,0.08512,0.517,0.267,1.096,0.92308,1.00000,1.00000,27.935,0.63227,6.369,40.569,9.294,0.07692,0.15385,0.23077,6.900,0.41073,1.308,1.853,2.611,5.852,framework,0.992,1.000,0.782,0.000,1,1,1,1,0,0,0.021,0.100,0,0.000,0.500,0.700,0.000
F571-V1,7,13.590,103.450,43.016,1.123,0.01355,0.186,0.035,0.399,1.00000,1.00000,1.00000,6.313,0.13464,0.885,0.783,1.228,0.71429,1.00000,1.00000,4.166,0.11951,0.471,0.259,0.991,0.699,framework,0.990,1.000,1.000,0.000,1,1,1,1,0,0,0.021,0.100,0,0.000,0.500,0.700,0.000
F574-1,14,12.600,104.522,48.365,0.967,0.01147,0.205,0.042,0.453,1.00000,1.00000,1.00000,8.826,0.14034,1.875,3.517,3.193,0.28571,0.64286,0.92857,5.117,0.23380,1.120,1.351,2.941,1.670,framework,0.968,1.000,3.200,0.000,1,1,1,1,0,0,0.021,0.100,0,0.000,0.500,0.700,0.000
F574-2,5,10.830,102.700,24.516,0.428,0.01560,0.052,0.003,0.101,1.00000,1.00000,1.00000,38.698,1.37100,4.700,22.091,6.445,0.00000,0.00000,0.40000,3.603,0.23680,0.383,0.183,0.631,4.648,framework,0.917,1.035,11.800,3.500,0,1,1,1,0,0,0.021,0.100,0,0.000,0.500,0.700,0.000
F579-V1,14,15.160,260.779,82.030,3.191,0.06995,0.344,0.118,0.966,1.00000,1.00000,1.00000,18.495,0.21739,1.867,3.486,3.548,0.42857,0.71429,0.78571,11.805,0.12192,1.195,1.538,2.152,1.523,framework,0.990,1.001,1.106,0.106,1,1,1,1,0,0,0.021,0.100,0,0.000,0.500,0.700,0.000
F583-1,25,16.260,347.861,69.688,2.417,0.15885,0.332,0.110,0.768,1.00000,1.00000,1.00000,10.324,0.31883,1.910,3.649,4.688,0.48000,0.76000,0.88000,6.202,0.38144,1.118,1.301,2.797,1.578,framework,0.990,1.000,1.000,0.000,1,1,1,1,0,0,0.021,0.100,0,0.000,0.500,0.700,0.000
F583-4,12,7.290,104.668,36.348,0.967,0.02193,0.231,0.054,0.611,1.00000,1.00000,1.00000,5.332,0.09567,1.145,1.311,1.920,0.41667,1.00000,1.00000,2.610,0.16958,0.549,0.329,1.221,0.913,framework,0.976,1.000,2.358,0.000,1,1,1,1,0,0,0.021,0.100,0,0.000,0.500,0.700,0.000
IC2574,34,10.230,283.439,43.372,2.134,0.09423,2.908,8.456,15.423,0.61765,0.85294,0.91176,13.485,0.41397,15.441,238.410,48.985,0.05882,0.08824,0.26471,7.064,0.23539,7.909,64.441,40.174,12.533,framework,0.988,0.998,1.000,0.000,1,1,1,1,0,0,0.021,0.100,0,0.000,0.500,0.700,0.000
IC4202,32,25.900,104.754,91.620,4.264,0.02267,0.613,0.375,1.404,0.87500,1.00000,1.00000,25.621,0.48077,6.116,37.408,21.543,0.50000,0.65625,0.65625,21.496,0.25185,4.088,17.249,11.135,5.504,framework,0.999,1.000,0.111,0.000,1,1,1,1,1,0,0.021,0.100,0,0.000,0.500,0.700,0.000
KK98-251,15,3.130,103.421,21.815,0.423,0.01901,0.211,0.045,0.520,1.00000,1.00000,1.00000,10.846,0.63685,5.423,29.407,6.860,0.00000,0.00000,0.06667,4.072,0.48527,2.036,4.441,3.097,5.212,framework,0.966,1.000,3.400,0.000,1,1,1,1,0,0,0.021,0.100,0,0.000,0.500,0.700,0.000
NGC0024,29,11.270,104.955,54.965,1.889,0.05638,0.279,0.078,0.659,1.00000,1.00000,1.00000,20.930,0.23942,3.234,10.461,7.715,0.13793,0.13793,0.65517,16.557,0.24325,2.198,5.004,3.405,2.955,framework,0.953,1.003,5.095,0.348,1,1,1,1,0,0,0.021,0.100,0,0.000,0.500,0.700,0.000
NGC0055,21,13.500,104.748,44.473,0.875,0.01493,0.304,0.093,0.659,1.00000,1.00000,1.00000,17.390,0.27629,7.150,51.127,19.272,0.00000,0.00000,0.14286,3.706,0.08576,1.738,3.172,5.435,6.846,framework,0.997,1.014,1.742,1.442,0,1,1,1,0,0,0.021,0.100,0,0.000,0.500,0.700,0.000
NGC0100,21,9.620,103.285,43.694,1.020,0.02518,0.211,0.045,0.381,1.00000,1.00000,1.00000,6.002,0.30706,1.367,1.869,2.807,0.66667,0.76190,1.00000,4.665,0.40157,1.020,1.092,2.902,1.156,framework,0.990,1.000,1.000,0.000,1,1,1,1,0,0,0.021,0.100,0,0.000,0.500,0.700,0.000
NGC0247,26,14.540,104.450,48.329,0.716,0.01018,0.457,0.209,1.927,0.96154,1.00000,1.00000,5.404,0.06505,2.088,4.359,5.623,0.61538,0.73077,0.84615,2.807,0.04669,1.721,3.080,6.895,1.631,framework,0.990,1.000,1.000,0.000,1,1,1,1,0,0,0.021,0.100,0,0.000,0.500,0.700,0.000
NGC0289,28,71.120,140.500,91.829,9.123,0.05380,0.939,0.882,2.339,0.71429,0.96429,1.00000,23.447,0.14058,3.408,11.615,8.078,0.21429,0.39286,0.57143,41.883,0.23914,4.405,20.124,11.575,2.469,framework,1.024,1.000,0.000,0.000,1,1,1,1,0,0,0.021,0.100,0,0.000,0.500,0.700,0.000
NGC0300,25,11.800,104.306,47.756,5.881,0.06591,1.098,1.206,3.020,0.72000,0.92000,0.96000,5.664,0.07410,1.551,2.406,5.137,0.64000,0.88000,0.92000,3.802,0.06043,0.831,0.720,2.136,0.453,newtonian,0.870,1.000,13.030,0.000,1,1,1,1,0,0,0.021,0.100,0,0.000,0.500,0.700,0.000
NGC0801,13,59.820,238.880,125.808,8.747,0.04419,1.492,2.225,4.352,0.61538,0.92308,0.92308,34.998,0.16590,9.321,86.877,19.139,0.00000,0.00000,0.07692,56.569,0.26793,10.177,112.199,16.679,7.829,framework,0.996,1.010,1.400,1.000,1,1,1,1,0,0,0.021,0.100,0,0.000,0.500,0.700,0.000
NGC0891,18,17.110,271.019,125.925,3.797,0.01747,1.023,1.047,2.298,0.72222,0.94444,1.00000,29.286,0.14028,5.852,34.246,10.431,0.05556,0.05556,0.11111,39.542,0.17870,7.065,52.850,11.860,4.829,framework,0.982,1.000,1.800,0.000,1,1,1,1,1,0,0.021,0.100,0,0.000,0.500,0.700,0.000
NGC1003,36,30.240,104.768,54.138,1.531,0.01555,0.602,0.362,1.711,0.91667,1.00000,1.00000,8.100,0.10156,3.616,13.078,9.242,0.30556,0.47222,0.58333,8.419,0.09023,3.233,10.748,7.683,3.015,framework,0.996,1.011,1.500,1.100,0,1,1,1,0,0,0.021,0.100,0,0.000,0.500,0.700,0.000
NGC1090,24,30.090,104.910,68.517,4.078,0.03442,0.914,0.836,2.668,0.83333,0.91667,1.00000,18.291,0.26265,6.651,44.229,12.092,0.16667,0.20833,0.37500,19.310,0.19554,4.198,18.392,7.454,5.736,framework,0.979,0.994,1.500,0.000,1,1,1,1,0,0,0.021,0.100,0,0.000,0.500,0.700,0.000
NGC1705,14,6.000,104.452,47.056,1.430,0.02138,0.245,0.060,0.601,1.00000,1.00000,1.00000,17.057,0.24892,3.814,14.545,6.382,0.00000,0.21429,0.42857,11.259,0.16329,1.948,4.086,3.404,3.569,framework,0.960,1.023,6.288,2.261,0,1,1,1,0,0,0.021,0.100,0,0.000,0.500,0.700,0.000
NGC2366,26,6.060,104.562,33.084,0.751,0.02826,0.328,0.108,0.787,1.00000,1.00000,1.00000,11.339,0.39005,5.036,25.357,8.402,0.00000,0.03846,0.19231,4.001,0.36286,1.984,4.093,4.928,4.707,framework,0.991,1.004,1.253,0.389,1,1,1,1,0,0,0.021,0.100,0,0.000,0.500,0.700,0.000
NGC2403,73,20.870,919.969,154.896,6.008,0.11087,4.805,23.091,17.934,0.46575,0.65753,0.75342,6.411,0.05654,8.697,75.638,40.068,0.16438,0.42466,0.60274,17.982,0.17073,15.233,235.266,61.421,3.892,framework,0.988,1.002,1.447,0.215,1,1,1,1,0,0,0.021,0.100,0,0.000,0.500,0.700,0.000
NGC2683,11,34.620,574.140,178.979,11.555,0.06518,1.713,2.934,3.874,0.45455,0.81818,0.81818,14.215,0.08987,1.462,2.138,2.714,0.27273,0.90909,1.00000,54.038,0.32546,6.618,48.178,12.532,-0.251,mond,0.982,1.000,1.800,0.000,1,1,1,1,1,0,0.021,0.100,0,0.000,0.500,0.700,0.000
NGC2841,50,63.640,2031.308,321.721,8.585,0.02934,1.576,2.485,5.034,0.52000,0.84000,0.94000,55.508,0.18173,9.288,86.272,16.004,0.00000,0.00000,0.04000,99.938,0.32117,13.060,174.053,26.555,7.712,framework,0.998,1.008,1.000,0.800,1,1,1,1,1,0,0.021,0.100,0,0.000,0.500,0.700,0.000
NGC2903,34,24.960,368.421,147.587,6.894,0.05839,1.937,3.753,4.699,0.32353,0.61765,0.91176,23.584,0.44372,3.550,12.604,12.137,0.29412,0.61765,0.67647,44.247,0.25094,13.610,190.847,25.827,1.613,framework,0.996,1.038,4.200,3.800,0,1,1,1,0,0,0.021,0.100,0,0.000,0.500,0.700,0.000
NGC2915,30,10.040,104.005,45.388,1.940,0.04396,0.248,0.062,0.591,1.00000,1.00000,1.00000,20.625,0.46796,2.758,7.607,4.091,0.10000,0.20000,0.60000,8.308,0.19623,1.018,1.071,2.517,2.510,framework,0.953,1.023,7.074,2.343,0,1,1,1,0,0,0.021,0.100,0,0.000,0.500,0.700,0.000
NGC2955,24,35.430,1372.062,362.774,10.419,0.04608,1.915,3.667,6.536,0.54167,0.83333,0.91667,20.768,0.08686,2.821,7.958,5.931,0.41667,0.58333,0.66667,73.623,0.29884,7.876,64.735,15.309,0.906,framework,0.974,1.032,5.800,3.200,0,1,1,1,1,0,0.021,0.100,0,0.000,0.500,0.700,0.000
NGC2976,27,2.270,635.827,67.451,2.265,0.09320,0.731,0.534,1.607,0.88889,1.00000,1.00000,5.419,0.33570,1.743,3.039,3.007,0.33333,0.62963,0.96296,10.897,0.47506,2.954,9.065,5.506,1.013,framework,0.962,1.000,3.800,0.000,1,1,1,1,0,0,0.021,0.100,0,0.000,0.500,0.700,0.000
NGC2998,13,42.280,693.995,166.999,6.000,0.03784,0.974,0.948,2.592,0.69231,0.92308,1.00000,27.709,0.21405,3.932,15.464,7.639,0.15385,0.15385,0.61538,42.589,0.23211,5.462,32.315,9.818,2.959,framework,0.992,1.002,1.000,0.200,1,1,1,1,0,1,0.021,0.100,5,0.755,0.500,0.700,0.000
NGC3109,25,6.450,581.246,58.316,1.401,0.03998,0.688,0.474,2.167,0.88000,0.96000,1.00000,5.056,0.14828,2.318,5.371,5.079,0.28000,0.48000,0.80000,7.218,0.33433,3.819,15.196,11.292,1.629,framework,0.990,1.000,1.000,0.000,1,1,1,1,0,0,0.021,0.100,0,0.000,0.500,0.700,0.000
NGC3198,43,44.080,419.144,131.441,4.469,0.08333,1.304,1.701,3.077,0.60465,0.86047,0.97674,10.905,0.22394,3.662,13.409,8.177,0.44186,0.65116,0.72093,24.198,0.17782,12.818,168.209,33.950,2.358,framework,0.988,1.016,2.800,1.600,0,1,1,1,0,0,0.021,0.100,0,0.000,0.500,0.700,0.000
NGC3521,41,17.740,447,189.144,4.589,0.02307,0.495,0.245,1.447,0.92683,1.00000,1.00000,7.259,0.03587,0.873,0.763,2.149,0.75610,0.95122,1.00000,39.326,0.19587,4.808,23.699,14.025,0.379,framework,0.976,1.000,2.400,0.000,1,1,1,1,0,0,0.021,0.100,0,0.000,0.500,0.700,0.000
NGC3726,12,32.520,104.470,74.757,4.349,0.02752,0.591,0.349,1.148,0.91667,1.00000,1.00000,25.485,0.17987,4.998,24.978,9.037,0.16667,0.25000,0.25000,15.779,0.09831,2.664,7.742,5.196,4.407,framework,0.905,1.000,9.461,0.000,1,1,1,1,0,0,0.021,0.100,0,0.000,0.500,0.700,0.000
NGC3741,21,7.000,104.954,31.068,1.010,0.03657,0.431,0.186,0.885,1.00000,1.00000,1.00000,2.719,0.11122,1.163,1.353,2.274,0.33333,0.95238,1.00000,1.334,0.05215,0.596,0.373,1.353,0.732,framework,0.965,1.027,6.235,2.730,0,1,1,1,0,0,0.021,0.100,0,0.000,0.500,0.700,0.000
NGC3769,12,37.160,104.483,70.771,4.364,0.04325,0.512,0.263,1.032,0.91667,1.00000,1.00000,15.473,0.14348,2.157,4.654,3.341,0.08333,0.50000,0.83333,21.673,0.18676,2.530,6.982,3.860,1.645,framework,0.895,1.000,10.511,0.000,1,1,1,1,0,0,0.021,0.100,0,0.000,0.500,0.700,0.000
NGC3877,13,11.350,1007.355,159.067,2.156,0.01551,0.420,0.176,0.895,1.00000,1.00000,1.00000,23.016,0.37044,3.621,13.113,5.625,0.07692,0.23077,0.46154,12.487,0.20384,1.802,3.519,2.874,3.201,framework,0.990,1.000,1.000,0.000,1,1,1,1,0,0,0.021,0.100,0,0.000,0.500,0.700,0.000
NGC3893,10,19.050,104.968,82.758,3.703,0.02323,0.533,0.284,1.202,0.90000,1.00000,1.00000,6.694,0.04014,0.946,0.895,1.877,0.70000,1.00000,1.00000,25.028,0.14440,2.628,7.677,3.748,0.413,framework,0.970,0.980,1.000,0.000,1,1,1,1,0,0,0.021,0.100,0,0.000,0.500,0.700,0.000
NGC3917,17,14.860,263.483,86.311,3.036,0.02958,0.701,0.491,2.241,0.94118,0.94118,1.00000,6.686,0.18687,1.691,2.858,4.561,0.52941,0.76471,0.88235,9.448,0.24377,2.341,5.822,5.733,0.990,framework,0.994,1.004,1.000,0.400,1,1,1,1,0,0,0.021,0.100,0,0.000,0.500,0.700,0.000
NGC3949,7,7.070,104.852,68.423,1.262,0.00764,0.094,0.009,0.132,1.00000,1.00000,1.00000,9.522,0.06354,1.503,2.260,2.797,0.42857,0.85714,1.00000,6.516,0.04096,0.739,0.638,1.226,1.409,framework,0.974,1.000,2.623,0.000,1,1,1,1,0,0,0.021,0.100,0,0.000,0.500,0.700,0.000
NGC3953,8,15.680,104.604,82.685,1.320,0.00599,0.199,0.040,0.441,1.00000,1.00000,1.00000,10.498,0.05029,1.573,2.475,2.266,0.25000,0.75000,1.00000,13.106,0.06291,1.826,3.810,2.327,1.374,framework,0.973,1.002,2.840,0.168,1,1,1,1,0,0,0.021,0.100,0,0.000,0.500,0.700,0.000
NGC3972,10,8.720,103.721,55.477,1.514,0.01278,0.325,0.106,0.696,1.00000,1.00000,1.00000,6.998,0.10541,1.378,1.899,2.269,0.20000,0.90000,1.00000,5.436,0.12866,1.107,1.361,3.241,1.053,framework,0.963,1.021,5.788,2.083,0,1,1,1,0,0,0.021,0.100,0,0.000,0.500,0.700,0.000
NGC3992,9,46.020,1459.662,249.919,5.135,0.02057,0.761,0.579,1.492,0.77778,1.00000,1.00000,19.656,0.07675,3.040,9.241,6.158,0.44444,0.44444,0.66667,41.939,0.16585,6.402,46.106,10.013,2.279,framework,0.991,1.002,1.093,0.193,1,1,1,1,0,0,0.021,0.100,0,0.000,0.500,0.700,0.000
NGC4010,12,10.470,725.893,107.258,1.686,0.01910,0.308,0.095,0.784,1.00000,1.00000,1.00000,11.463,0.15664,1.996,3.986,3.512,0.41667,0.58333,0.83333,8.373,0.08619,1.596,2.780,3.236,1.689,framework,0.990,1.000,1.000,0.000,1,1,1,1,0,0,0.021,0.100,0,0.000,0.500,0.700,0.000
NGC4013,36,31.010,104.752,78.095,4.382,0.02527,0.749,0.562,1.675,0.75000,1.00000,1.00000,13.492,0.07791,2.736,7.484,5.748,0.27778,0.55556,0.69444,24.468,0.13290,5.329,29.207,12.968,1.986,framework,0.860,1.000,13.991,0.000,1,1,1,1,1,0,0.021,0.100,0,0.000,0.500,0.700,0.000
NGC4051,7,12.190,104.835,66.346,2.629,0.01722,0.341,0.116,0.540,1.00000,1.00000,1.00000,24.139,0.16049,3.380,11.422,5.874,0.14286,0.42857,0.57143,10.843,0.08204,1.068,1.331,1.492,3.039,framework,0.990,1.000,1.000,0.000,1,1,1,1,0,0,0.021,0.100,0,0.000,0.500,0.700,0.000
NGC4068,6,2.330,101.575,23.482,0.597,0.02059,0.161,0.026,0.261,1.00000,1.00000,1.00000,11.341,0.84032,4.948,24.486,7.268,0.00000,0.00000,0.33333,5.363,0.67961,1.571,2.962,2.182,4.787,framework,0.955,1.004,4.844,0.383,1,1,1,1,0,0,0.021,0.100,0,0.000,0.500,0.700,0.000
NGC4085,7,6.200,349.561,88.708,1.332,0.01206,0.245,0.060,0.476,1.00000,1.00000,1.00000,22.092,0.38572,3.623,13.127,5.362,0.00000,0.14286,0.42857,9.452,0.18407,1.501,2.628,2.697,3.378,framework,0.998,1.008,1.000,0.800,1,1,1,1,0,0,0.021,0.100,0,0.000,0.500,0.700,0.000
NGC4088,12,21.480,104.207,72.626,1.462,0.00867,0.228,0.052,0.463,1.00000,1.00000,1.00000,40.438,0.25304,5.990,35.884,7.994,0.00000,0.08333,0.16667,16.370,0.09885,2.387,6.214,4.129,5.762,framework,0.990,1.006,1.653,0.629,1,1,1,1,0,0,0.021,0.100,0,0.000,0.500,0.700,0.000
NGC4100,24,22.760,104.918,78.822,2.559,0.01506,0.390,0.152,1.157,0.91667,1.00000,1.00000,10.537,0.06256,1.842,3.393,3.974,0.41667,0.66667,0.91667,23.492,0.13955,3.624,13.702,6.412,1.452,framework,1.022,1.032,1.000,3.236,0,1,1,1,0,0,0.021,0.100,0,0.000,0.500,0.700,0.000
NGC4138,7,18.580,102.934,81.068,1.170,0.00675,0.101,0.010,0.187,1.00000,1.00000,1.00000,9.999,0.05982,1.101,1.213,2.165,0.57143,0.85714,1.00000,34.148,0.21995,2.803,9.164,4.351,1.001,framework,0.949,0.986,3.633,0.000,1,1,1,1,1,0,0.021,0.100,0,0.000,0.500,0.700,0.000
NGC4157,17,29.610,104.807,79.453,3.554,0.02972,0.343,0.117,0.852,1.00000,1.00000,1.00000,21.999,0.13599,3.015,9.088,4.665,0.11765,0.29412,0.58824,23.346,0.12386,2.872,8.762,5.676,2.672,framework,1.017,1.039,2.200,3.900,0,1,1,1,1,0,0.021,0.100,0,0.000,0.500,0.700,0.000
NGC4183,23,21.020,104.411,56.071,1.617,0.01522,0.257,0.066,0.739,1.00000,1.00000,1.00000,10.274,0.09727,1.920,3.688,3.300,0.34783,0.56522,0.91304,9.637,0.09414,1.734,3.144,2.869,1.663,framework,0.980,1.000,2.029,0.000,1,1,1,1,0,0,0.021,0.100,0,0.000,0.500,0.700,0.000
NGC4214,14,5.630,104.933,48.370,1.395,0.02115,0.254,0.065,0.815,1.00000,1.00000,1.00000,15.417,0.21266,2.381,5.669,3.382,0.07143,0.35714,0.78571,9.050,0.12718,1.360,1.991,2.766,2.127,framework,0.977,0.998,2.132,0.000,1,1,1,1,0,0,0.021,0.100,0,0.000,0.500,0.700,0.000
NGC4217,19,16.720,104.112,76.136,1.822,0.01153,0.284,0.080,0.578,1.00000,1.00000,1.00000,52.347,0.54471,7.463,55.702,13.601,0.00000,0.05263,0.10526,16.915,0.16323,2.319,5.675,3.703,7.180,framework,1.016,1.026,1.039,2.631,0,1,1,1,1,0,0.021,0.100,0,0.000,0.500,0.700,0.000
NGC4389,6,5.320,104.249,43.376,1.695,0.01862,0.232,0.054,0.485,1.00000,1.00000,1.00000,47.324,0.93942,7.349,54.006,8.303,0.00000,0.00000,0.00000,10.611,0.26614,1.628,3.179,2.852,7.117,framework,0.960,1.018,5.745,1.753,0,1,1,1,0,0,0.021,0.100,0,0.000,0.500,0.700,0.000
NGC4559,32,20.970,104.904,59.176,1.642,0.01918,0.291,0.085,0.527,1.00000,1.00000,1.00000,18.622,0.16946,3.725,13.876,5.485,0.00000,0.12500,0.15625,8.590,0.08071,1.545,2.465,3.253,3.434,framework,0.971,0.986,1.500,0.000,1,1,1,1,0,0,0.021,0.100,0,0.000,0.500,0.700,0.000
NGC5005,18,11.470,404.621,178.669,4.508,0.02000,0.198,0.039,0.506,1.00000,1.00000,1.00000,10.867,0.04645,0.737,0.543,1.935,0.77778,1.00000,1.00000,41.091,0.16669,2.312,5.660,4.353,0.539,framework,0.994,1.004,1.000,0.400,1,1,1,1,1,0,0.021,0.100,0,0.000,0.500,0.700,0.000
NGC5033,22,44.590,478,162.381,16.387,0.07952,1.758,3.091,4.567,0.36364,0.72727,0.95455,14.090,0.06686,3.723,13.863,6.657,0.18182,0.27273,0.50000,56.371,0.26690,11.521,139.050,19.345,1.965,framework,0.990,1.000,1.000,0.000,1,1,1,1,1,0,0.021,0.100,0,0.000,0.500,0.700,0.000
NGC5055,28,54.590,940.212,245.477,6.439,0.03955,5.221,27.254,18.712,0.32143,0.57143,0.78571,27.638,0.14930,27.754,770.304,69.025,0.00000,0.07143,0.07143,64.744,0.35837,57.189,3391.735,203.046,22.534,framework,0.990,1.000,1.000,0.000,1,1,1,1,0,0,0.021,0.100,0,0.000,0.500,0.700,0.000
NGC5371,19,46.240,212.005,123.520,9.182,0.04252,2.401,5.765,5.116,0.31579,0.57895,0.78947,44.111,0.20129,13.065,170.683,21.921,0.05263,0.15789,0.15789,48.881,0.22719,11.091,129.851,15.083,10.663,framework,0.982,1.000,1.800,0.000,1,1,1,1,0,0,0.021,0.100,0,0.000,0.500,0.700,0.000
NGC5585,24,10.960,104.178,45.633,2.372,0.08208,1.905,3.627,6.463,0.62500,0.87500,0.87500,8.216,0.20813,5.119,26.207,12.380,0.33333,0.50000,0.62500,3.510,0.11898,1.758,3.226,3.262,3.215,newtonian,0.963,1.027,6.343,2.680,0,1,1,1,0,0,0.021,0.100,0,0.000,0.500,0.700,0.000
NGC5907,19,50.330,286.500,129.261,4.698,0.02142,1.746,3.048,3.700,0.31579,0.68421,0.94737,18.864,0.08707,5.793,33.557,10.515,0.10526,0.31579,0.42105,38.889,0.17385,11.528,140.277,22.705,4.047,framework,0.990,1.000,1.000,0.000,1,1,1,1,0,0,0.021,0.100,0,0.000,0.500,0.700,0.000
NGC5985,33,34.720,572.118,194.448,4.943,0.01818,0.990,0.980,2.348,0.69697,0.96970,1.00000,70.765,0.25228,12.673,160.601,25.574,0.00000,0.00000,0.00000,40.217,0.14618,6.359,41.696,16.522,11.683,framework,0.990,1.000,1.000,0.000,1,1,1,1,1,0,0.021,0.100,0,0.000,0.500,0.700,0.000
NGC6015,44,29.230,2382.503,291.932,4.695,0.03907,1.836,3.372,4.603,0.52273,0.77273,0.90909,11.297,0.09065,5.806,33.711,15.898,0.38636,0.70455,0.72727,41.447,0.27520,13.019,173.434,31.067,3.970,framework,0.978,1.000,2.200,0.000,1,1,1,1,0,0,0.021,0.100,0,0.000,0.500,0.700,0.000
NGC6195,23,36.430,382.074,169.797,8.371,0.03958,1.284,1.649,3.872,0.69565,0.91304,0.95652,33.310,0.13767,5.154,26.564,8.754,0.08696,0.13043,0.21739,40.774,0.17086,9.070,86.008,20.399,3.870,framework,0.990,1.000,1.000,0.000,1,1,1,1,1,0,0.021,0.100,0,0.000,0.500,0.700,0.000
NGC6503,31,23.500,445,107.374,2.727,0.02995,1.178,1.387,2.918,0.61290,0.87097,1.00000,3.993,0.04197,1.676,2.807,6.986,0.51613,0.90323,0.93548,21.639,0.19735,10.228,108.092,21.383,0.498,framework,0.980,1.000,2.000,0.000,1,1,1,1,0,0,0.021,0.100,0,0.000,0.500,0.700,0.000
NGC6674,15,72.410,1217.169,230.966,9.324,0.04285,2.155,4.643,5.141,0.46667,0.60000,0.86667,26.556,0.09640,4.954,24.539,8.467,0.20000,0.26667,0.46667,63.566,0.24176,12.539,168.445,21.436,2.799,framework,0.998,1.000,0.200,0.000,1,1,1,1,1,0,0.021,0.100,0,0.000,0.500,0.700,0.000
NGC6789,4,0.710,103.768,27.498,0.578,0.01099,0.065,0.004,0.122,1.00000,1.00000,1.00000,15.461,0.29883,2.473,6.115,3.802,0.25000,0.50000,0.75000,8.087,0.26240,1.298,2.245,1.610,2.408,framework,0.924,1.000,7.600,0.000,1,1,1,1,0,0,0.021,0.100,0,0.000,0.500,0.700,0.000
NGC6946,58,20.400,686,177.597,10.793,0.07066,1.623,2.633,9.780,0.75862,0.93103,0.96552,16.454,0.10351,5.064,25.645,12.523,0.03448,0.27586,0.55172,37.840,0.24394,7.671,59.869,22.990,3.441,framework,0.990,1.000,1.000,0.000,1,1,1,1,1,0,0.021,0.100,0,0.000,0.500,0.700,0.000
NGC7331,36,36.310,444.499,162.128,5.033,0.02086,1.083,1.173,2.607,0.66667,0.94444,1.00000,25.913,0.10644,5.986,35.830,9.206,0.05556,0.11111,0.19444,49.033,0.19809,9.070,84.610,17.895,4.903,framework,0.980,1.000,2.000,0.000,1,1,1,1,1,0,0.021,0.100,0,0.000,0.500,0.700,0.000
NGC7793,46,7.870,104.989,54.754,2.428,0.10260,0.329,0.108,1.118,0.97826,1.00000,1.00000,5.980,0.28600,0.954,0.911,2.798,0.76087,0.95652,1.00000,7.818,0.32389,1.219,1.519,3.958,0.625,framework,0.875,1.030,15.470,2.997,0,1,1,1,0,0,0.021,0.100,0,0.000,0.500,0.700,0.000
NGC7814,18,19.530,734.312,183.170,8.649,0.03463,1.078,1.162,2.072,0.55556,0.88889,1.00000,20.319,0.09197,5.222,27.271,7.707,0.16667,0.27778,0.33333,62.797,0.25596,7.757,63.716,13.200,4.144,framework,0.994,1.000,0.600,0.000,1,1,1,1,1,0,0.021,0.100,0,0.000,0.500,0.700,0.000
PGC51017,6,3.630,103.751,18.836,0.179,0.00891,0.073,0.005,0.151,1.00000,1.00000,1.00000,21.558,1.15555,11.464,131.427,15.240,0.16667,0.16667,0.16667,4.598,0.22980,1.701,3.473,2.675,11.392,framework,0.937,1.000,6.320,0.000,1,1,1,1,0,0,0.021,0.100,0,0.000,0.500,0.700,0.000
UGC00128,22,53.750,104.958,64.098,1.927,0.01830,1.443,2.081,2.803,0.54545,0.81818,1.00000,11.716,0.10844,9.847,96.958,17.912,0.04545,0.13636,0.18182,11.888,0.12278,8.255,71.382,15.608,8.404,framework,0.959,0.972,1.311,0.000,1,1,1,1,0,0,0.021,0.100,0,0.000,0.500,0.700,0.000
UGC00191,9,9.980,104.857,43.603,1.270,0.03154,0.765,0.585,1.361,0.66667,1.00000,1.00000,7.324,0.10996,5.447,29.669,12.821,0.22222,0.44444,0.66667,5.669,0.09794,2.225,5.570,3.534,4.682,framework,0.871,0.931,5.949,0.000,1,1,1,1,0,0,0.021,0.100,0,0.000,0.500,0.700,0.000
UGC00634,4,18.010,343.397,79.561,1.254,0.01321,0.799,0.638,1.264,0.75000,1.00000,1.00000,2.388,0.03061,1.188,1.411,1.575,0.50000,1.00000,1.00000,3.433,0.03373,2.183,6.351,3.131,0.389,framework,0.992,1.001,0.900,0.100,1,1,1,1,0,0,0.021,0.100,0,0.000,0.500,0.700,0.000
UGC00731,12,10.910,104.903,40.348,1.314,0.02131,0.493,0.243,0.911,1.00000,1.00000,1.00000,11.449,0.21554,4.044,16.356,6.416,0.00000,0.16667,0.16667,1.485,0.03173,0.555,0.335,0.990,3.551,framework,0.990,1.000,1.000,0.000,1,1,1,1,0,0,0.021,0.100,0,0.000,0.500,0.700,0.000
UGC00891,5,7.390,104.012,35.072,0.729,0.01186,0.810,0.657,1.650,0.80000,1.00000,1.00000,7.647,0.25157,6.889,47.454,10.898,0.00000,0.20000,0.20000,4.360,0.17208,1.842,4.240,3.159,6.078,framework,0.951,1.008,5.698,0.828,1,1,1,1,0,0,0.021,0.100,0,0.000,0.500,0.700,0.000
UGC01230,11,36.540,104.690,57.683,1.092,0.02864,0.099,0.010,0.186,1.00000,1.00000,1.00000,19.793,0.25209,1.921,3.689,3.271,0.36364,0.63636,0.81818,15.875,0.24392,1.490,2.442,2.320,1.822,framework,0.913,1.033,12.000,3.300,0,1,1,1,0,0,0.021,0.100,0,0.000,0.500,0.700,0.000
UGC01281,25,4.990,100,31.559,0.815,0.12340,0.177,0.031,0.440,1.00000,1.00000,1.00000,2.581,0.17778,0.586,0.344,1.242,0.86957,1.00000,1.00000,5.922,1.11221,1.371,1.959,2.507,0.410,framework,0.974,1.000,2.600,0.000,1,1,1,1,0,0,0.021,0.100,0,0.000,0.500,0.700,0.000
UGC02023,5,3.780,101.688,28.751,0.566,0.01138,0.065,0.004,0.124,1.00000,1.00000,1.00000,13.906,0.51575,1.600,2.561,2.011,0.20000,0.60000,1.00000,7.065,0.31235,0.813,0.826,1.181,1.535,framework,0.942,0.993,5.100,0.000,1,1,1,1,0,0,0.021,0.100,0,0.000,0.500,0.700,0.000
UGC02259,8,8.140,100.587,46.119,0.817,0.00974,0.315,0.099,0.634,1.00000,1.00000,1.00000,13.737,0.19726,6.754,45.617,11.969,0.00000,0.00000,0.25000,5.327,0.07299,2.565,7.520,4.761,6.439,framework,0.967,1.000,3.256,0.000,1,1,1,1,0,0,0.021,0.100,0,0.000,0.500,0.700,0.000
UGC02455,8,4.030,103.626,29.215,0.505,0.01279,0.139,0.019,0.234,1.00000,1.00000,1.00000,40.729,1.28220,11.189,125.200,13.502,0.00000,0.00000,0.00000,5.783,0.16012,1.589,2.885,3.195,11.051,framework,0.951,1.000,4.875,0.000,1,1,1,1,0,0,0.021,0.100,0,0.000,0.500,0.700,0.000
UGC02487,17,80.380,862,255.168,5.907,0.01656,1.370,1.876,2.511,0.52941,0.76471,1.00000,62.852,0.17329,16.175,261.620,34.378,0.00000,0.00000,0.00000,87.606,0.23546,13.880,204.687,28.993,14.805,framework,0.982,1.000,1.800,0.000,1,1,1,1,1,0,0.021,0.100,0,0.000,0.500,0.700,0.000
UGC02885,19,74.070,1262,279.925,14.444,0.05170,1.444,2.086,4.268,0.84211,0.89474,0.89474,16.837,0.05624,1.684,2.835,6.670,0.78947,0.94737,0.94737,63.903,0.22675,6.390,43.105,18.013,0.239,framework,0.992,1.002,1.000,0.200,1,1,1,1,1,0,0.021,0.100,0,0.000,0.500,0.700,0.000
UGC02916,43,38.000,1081.627,322.987,10.563,0.05684,1.113,1.238,4.036,0.72093,0.88372,0.97674,28.127,0.14259,8.693,75.571,26.033,0.20930,0.39535,0.44186,69.256,0.35418,13.882,197.298,47.828,7.580,framework,0.976,1.016,4.000,1.600,0,1,1,1,1,0,0.021,0.100,0,0.000,0.500,0.700,0.000
UGC02953,115,62.390,417.500,214.700,7.763,0.02737,2.564,6.574,9.669,0.48696,0.73913,0.82609,30.736,0.11685,14.183,201.153,62.471,0.26087,0.28696,0.33913,79.905,0.29693,26.454,705.942,115.233,11.619,framework,0.995,1.000,0.500,0.000,1,1,1,1,1,1,0.032,0.100,54,1.939,0.500,0.700,0.000
UGC03205,48,40.040,1351,236.014,17.104,0.13103,2.995,8.972,11.601,0.50000,0.68750,0.79167,21.721,0.10101,3.507,12.300,9.701,0.27083,0.45833,0.58333,66.192,0.32036,10.666,116.181,24.860,0.512,framework,0.990,1.000,1.000,0.000,1,1,1,1,1,0,0.021,0.100,0,0.000,0.500,0.700,0.000
UGC03546,30,29.230,615.094,177.558,11.714,0.05201,2.899,8.407,9.348,0.63333,0.76667,0.83333,29.629,0.12704,3.494,12.207,10.562,0.16667,0.50000,0.66667,87.695,0.38351,8.604,76.586,17.991,0.594,framework,0.990,1.000,1.000,0.000,1,1,1,1,1,0,0.021,0.100,0,0.000,0.500,0.700,0.000
UGC03580,47,27.060,767.081,136.527,8.226,0.12458,2.060,4.242,5.294,0.38298,0.65957,0.85106,26.033,0.34719,9.356,87.538,16.549,0.08511,0.21277,0.29787,20.101,0.26415,6.872,48.251,18.294,7.297,framework,0.970,1.000,3.000,0.000,1,1,1,1,1,0,0.021,0.100,0,0.000,0.500,0.700,0.000
UGC04278,25,6.690,104.413,38.269,1.728,0.03711,0.362,0.131,1.270,0.96000,1.00000,1.00000,7.639,0.16951,1.789,3.202,4.096,0.68000,0.76000,0.80000,8.172,0.38921,1.568,2.562,3.461,1.428,framework,0.994,1.000,0.600,0.000,1,1,1,1,0,0,0.021,0.100,0,0.000,0.500,0.700,0.000
UGC04305,22,5.520,104.427,26.058,1.298,0.13590,0.405,0.164,1.080,0.95455,1.00000,1.00000,26.519,1.02084,8.276,68.492,12.852,0.00000,0.00000,0.31818,4.476,0.53106,1.232,1.591,2.502,7.871,framework,0.881,1.000,11.933,0.000,1,1,1,1,0,0,0.021,0.100,0,0.000,0.500,0.700,0.000
UGC04325,8,5.590,103.918,47.400,0.567,0.00696,0.186,0.035,0.294,1.00000,1.00000,1.00000,16.551,0.22211,5.418,29.350,8.407,0.00000,0.00000,0.12500,4.830,0.07513,1.583,2.864,2.489,5.232,framework,0.970,0.982,1.200,0.000,1,1,1,1,0,0,0.021,0.100,0,0.000,0.500,0.700,0.000
UGC04483,8,1.210,103.667,19.499,0.516,0.02510,0.374,0.140,0.686,1.00000,1.00000,1.00000,5.261,0.33125,3.354,11.250,5.874,0.12500,0.12500,0.50000,1.431,0.21194,0.699,0.559,1.309,2.980,framework,0.956,0.984,2.781,0.000,1,1,1,1,0,0,0.021,0.100,0,0.000,0.500,0.700,0.000
UGC04499,9,8.180,103.432,39.829,0.838,0.01238,0.310,0.096,0.622,1.00000,1.00000,1.00000,8.900,0.19335,3.079,9.479,5.175,0.11111,0.22222,0.77778,2.830,0.09760,0.773,0.673,1.807,2.768,framework,0.971,1.000,2.944,0.000,1,1,1,1,0,0,0.021,0.100,0,0.000,0.500,0.700,0.000
UGC05005,11,28.610,202.764,61.787,1.201,0.04324,0.125,0.016,0.241,1.00000,1.00000,1.00000,15.280,0.34457,1.568,2.460,2.714,0.18182,0.81818,1.00000,4.565,0.23580,0.467,0.240,1.340,1.443,framework,0.990,1.000,1.000,0.000,1,1,1,1,0,0,0.021,0.100,0,0.000,0.500,0.700,0.000
UGC05253,73,53.290,259.500,180.900,4.136,0.01718,1.241,1.540,3.046,0.60274,0.87671,0.98630,15.259,0.06570,2.630,6.918,10.071,0.65753,0.79452,0.86301,53.484,0.23599,14.238,205.549,51.007,1.389,framework,0.966,1.040,7.400,4.000,0,1,1,1,1,1,0.058,0.258,58,3.033,0.500,0.700,0.000
UGC05414,6,4.110,104.885,32.938,0.824,0.01373,0.338,0.114,0.793,1.00000,1.00000,1.00000,8.177,0.22263,3.335,11.125,3.939,0.00000,0.00000,0.16667,3.933,0.15773,1.599,3.069,2.985,2.998,framework,0.970,0.994,2.355,0.000,1,1,1,1,0,0,0.021,0.100,0,0.000,0.500,0.700,0.000
UGC05716,12,12.370,104.724,41.442,0.650,0.01007,0.593,0.351,1.031,0.91667,1.00000,1.00000,5.598,0.08838,6.124,37.507,12.551,0.08333,0.16667,0.41667,3.432,0.06013,3.778,15.573,6.354,5.532,framework,1.023,1.033,1.000,3.300,0,1,1,1,0,0,0.021,0.100,0,0.000,0.500,0.700,0.000
UGC05721,23,6.740,104.991,48.092,1.447,0.02676,0.299,0.089,0.688,1.00000,1.00000,1.00000,16.799,0.21757,3.510,12.319,5.593,0.08696,0.26087,0.52174,10.269,0.16340,2.137,4.776,3.637,3.211,framework,0.960,1.028,6.750,2.772,0,1,1,1,0,0,0.021,0.100,0,0.000,0.500,0.700,0.000
UGC05750,11,22.850,104.833,41.994,0.268,0.03015,0.032,0.001,0.067,1.00000,1.00000,1.00000,15.398,0.81622,1.792,3.211,3.168,0.09091,0.72727,0.90909,7.105,0.98422,0.972,1.040,2.165,1.760,framework,0.873,0.964,9.043,0.000,1,1,1,1,0,0,0.021,0.100,0,0.000,0.500,0.700,0.000
UGC05764,10,3.620,104.921,35.017,1.019,0.02093,1.668,2.784,4.480,0.70000,0.90000,0.90000,8.495,0.21493,14.822,219.698,30.433,0.20000,0.20000,0.20000,3.734,0.09203,2.896,9.321,6.093,13.154,framework,0.990,1.000,1.000,0.000,1,1,1,1,0,0,0.021,0.100,0,0.000,0.500,0.700,0.000
UGC05829,11,6.910,104.651,33.837,1.107,0.02670,0.219,0.048,0.365,1.00000,1.00000,1.00000,8.557,0.14512,1.691,2.860,2.802,0.45455,0.63636,1.00000,4.567,0.17665,0.903,0.896,1.569,1.472,framework,0.970,1.000,3.000,0.000,1,1,1,1,0,0,0.021,0.100,0,0.000,0.500,0.700,0.000
UGC05918,8,4.460,104.197,28.290,0.861,0.02085,0.219,0.048,0.571,1.00000,1.00000,1.00000,4.331,0.10835,1.102,1.214,1.979,0.50000,1.00000,1.00000,1.235,0.06729,0.314,0.113,0.797,0.883,framework,0.992,1.002,1.000,0.187,1,1,1,1,0,0,0.021,0.100,0,0.000,0.500,0.700,0.000
UGC05986,15,9.410,504.236,99.393,5.483,0.06231,1.361,1.852,2.190,0.46667,0.93333,1.00000,15.237,0.15300,5.484,30.072,9.673,0.06667,0.13333,0.26667,9.613,0.14749,2.634,7.432,5.161,4.123,framework,1.045,1.000,0.000,0.000,1,1,1,1,0,0,0.021,0.100,0,0.000,0.500,0.700,0.000
UGC05999,5,16.220,103.615,46.623,1.173,0.01197,0.235,0.055,0.509,1.00000,1.00000,1.00000,12.041,0.18665,2.408,5.799,3.933,0.40000,0.60000,0.60000,5.312,0.11010,1.062,1.411,2.231,2.174,framework,0.976,0.989,1.330,0.000,1,1,1,1,0,0,0.021,0.100,0,0.000,0.500,0.700,0.000
UGC06399,9,7.850,104.679,43.501,0.912,0.01218,0.193,0.037,0.436,1.00000,1.00000,1.00000,4.066,0.09317,0.876,0.768,1.526,0.77778,1.00000,1.00000,4.708,0.17253,0.776,0.677,1.913,0.684,framework,0.988,1.040,5.173,3.973,0,1,1,1,0,0,0.021,0.100,0,0.000,0.500,0.700,0.000
UGC06446,17,10.220,104.675,46.451,1.097,0.01434,0.215,0.046,0.444,1.00000,1.00000,1.00000,9.318,0.14081,2.209,4.878,3.764,0.41176,0.52941,0.76471,5.060,0.07402,0.902,0.865,1.761,1.994,framework,0.970,1.028,5.800,2.800,0,1,1,1,0,0,0.021,0.100,0,0.000,0.500,0.700,0.000
UGC06614,13,64.590,825.946,208.224,2.923,0.01602,0.305,0.093,0.877,1.00000,1.00000,1.00000,29.656,0.16843,3.028,9.170,5.592,0.30769,0.53846,0.61538,34.865,0.17992,2.783,8.388,4.220,2.724,framework,0.990,1.000,1.000,0.000,1,1,1,1,1,0,0.021,0.100,0,0.000,0.500,0.700,0.000
UGC06628,7,7.690,101.468,29.721,0.601,0.01430,0.073,0.005,0.183,1.00000,1.00000,1.00000,33.422,0.80848,4.041,16.332,6.214,0.00000,0.28571,0.42857,3.310,0.08655,0.400,0.187,0.678,3.969,framework,0.980,1.011,3.100,1.100,0,1,1,1,0,0,0.021,0.100,0,0.000,0.500,0.700,0.000
UGC06667,9,7.850,772.570,85.982,1.638,0.03009,0.460,0.212,0.924,1.00000,1.00000,1.00000,16.743,0.28115,5.164,26.662,7.279,0.00000,0.00000,0.11111,4.617,0.11027,1.313,1.939,1.906,4.703,framework,0.994,1.018,2.400,1.800,0,1,1,1,0,0,0.021,0.100,0,0.000,0.500,0.700,0.000
UGC06786,45,34.050,2299.173,316.800,3.789,0.01876,1.505,2.264,5.071,0.73333,0.91111,0.93333,31.231,0.14719,13.032,169.840,39.495,0.13333,0.15556,0.17778,58.398,0.29228,14.331,210.059,30.136,11.527,framework,0.990,1.000,1.000,0.000,1,1,1,1,1,1,0.021,0.100,7,0.649,0.500,0.700,0.000
UGC06787,71,37.190,603.230,215.100,12.562,0.07892,2.326,5.409,11.041,0.60563,0.85915,0.90141,29.824,0.12396,14.145,200.085,59.023,0.19718,0.28169,0.36620,73.659,0.29615,18.619,351.618,49.477,11.819,framework,0.974,1.000,2.600,0.000,1,1,1,1,1,1,0.014,0.280,49,0.509,0.500,0.700,0.000
UGC06818,8,6.980,102.874,34.980,1.472,0.02300,0.261,0.068,0.556,1.00000,1.00000,1.00000,13.594,0.42769,2.893,8.367,5.061,0.50000,0.50000,0.62500,7.320,0.18927,1.464,2.448,2.147,2.632,framework,1.017,1.032,1.500,3.197,0,1,1,1,0,0,0.021,0.100,0,0.000,0.500,0.700,0.000
UGC06917,11,10.470,104.884,50.968,0.991,0.00997,0.191,0.036,0.462,1.00000,1.00000,1.00000,4.713,0.05313,1.199,1.438,2.176,0.54545,0.90909,1.00000,2.739,0.02994,0.683,0.513,1.178,1.009,framework,0.984,1.002,1.788,0.228,1,1,1,1,0,0,0.021,0.100,0,0.000,0.500,0.700,0.000
UGC06923,6,5.160,104.463,41.674,0.548,0.00868,0.107,0.011,0.151,1.00000,1.00000,1.00000,8.954,0.17983,1.485,2.205,2.310,0.33333,0.83333,1.00000,3.069,0.05784,0.552,0.366,0.966,1.378,framework,0.990,1.000,1.000,0.000,1,1,1,1,0,0,0.021,0.100,0,0.000,0.500,0.700,0.000
UGC06930,10,16.610,104.066,52.787,0.865,0.00900,0.134,0.018,0.236,1.00000,1.00000,1.00000,10.522,0.10494,1.592,2.533,2.424,0.30000,0.70000,1.00000,5.822,0.06128,0.867,0.835,1.466,1.458,framework,0.990,1.000,1.000,0.000,1,1,1,1,0,0,0.021,0.100,0,0.000,0.500,0.700,0.000
UGC06973,9,7.850,104.303,73.724,1.582,0.00886,0.230,0.053,0.476,1.00000,1.00000,1.00000,42.873,0.25079,9.538,90.975,20.209,0.33333,0.33333,0.44444,16.830,0.09693,3.283,12.127,6.446,9.308,framework,0.995,1.005,1.000,0.541,1,1,1,1,1,0,0.021,0.100,0,0.000,0.500,0.700,0.000
UGC06983,17,15.680,104.861,55.769,1.341,0.01549,0.255,0.065,0.540,1.00000,1.00000,1.00000,9.230,0.09826,1.902,3.619,3.101,0.35294,0.64706,0.94118,8.122,0.08153,1.209,1.554,2.528,1.647,framework,0.995,1.036,4.045,3.592,0,1,1,1,0,0,0.021,0.100,0,0.000,0.500,0.700,0.000
UGC07089,12,9.160,618.321,70.262,1.216,0.02154,0.264,0.070,0.556,1.00000,1.00000,1.00000,15.008,0.28457,3.165,10.014,4.519,0.00000,0.25000,0.50000,5.452,0.10641,0.967,1.020,1.280,2.900,framework,0.988,0.998,1.000,0.000,1,1,1,1,0,0,0.021,0.100,0,0.000,0.500,0.700,0.000
UGC07125,13,18.680,104.873,39.074,1.071,0.02023,0.363,0.132,0.788,1.00000,1.00000,1.00000,30.682,0.52010,11.937,142.488,17.740,0.00000,0.00000,0.00000,3.202,0.06228,1.090,1.286,1.719,11.574,framework,0.990,1.000,1.000,0.000,1,1,1,1,0,0,0.021,0.100,0,0.000,0.500,0.700,0.000
UGC07151,11,5.500,104.175,40.882,0.810,0.01363,0.354,0.125,0.685,1.00000,1.00000,1.00000,5.531,0.10700,1.963,3.853,2.946,0.09091,0.54545,1.00000,3.873,0.11007,1.701,3.184,3.625,1.609,framework,0.990,1.000,1.000,0.000,1,1,1,1,0,0,0.021,0.100,0,0.000,0.500,0.700,0.000
UGC07232,4,0.820,102.335,24.824,0.427,0.01095,0.130,0.017,0.214,1.00000,1.00000,1.00000,4.195,0.15143,1.271,1.616,1.900,0.25000,1.00000,1.00000,4.451,0.19408,1.349,2.425,1.823,1.142,framework,0.918,1.015,9.700,1.500,0,1,1,1,0,0,0.021,0.100,0,0.000,0.500,0.700,0.000
UGC07261,7,6.670,104.486,41.962,0.831,0.01118,0.147,0.022,0.336,1.00000,1.00000,1.00000,4.610,0.08564,0.814,0.663,1.666,0.71429,1.00000,1.00000,3.922,0.06290,0.693,0.560,1.277,0.668,framework,0.974,0.999,2.484,0.000,1,1,1,1,0,0,0.021,0.100,0,0.000,0.500,0.700,0.000
UGC07323,10,5.820,103.900,39.534,1.078,0.01380,0.279,0.078,0.826,1.00000,1.00000,1.00000,9.249,0.18322,2.390,5.712,2.962,0.00000,0.20000,1.00000,5.810,0.14320,1.501,2.505,1.959,2.111,framework,0.998,1.000,0.157,0.000,1,1,1,1,0,0,0.021,0.100,0,0.000,0.500,0.700,0.000
UGC07399,10,6.130,102.936,50.419,1.104,0.01093,0.279,0.078,0.610,1.00000,1.00000,1.00000,27.366,0.30138,8.741,76.405,12.189,0.00000,0.00000,0.00000,4.073,0.04760,1.269,1.788,2.394,8.462,framework,0.992,1.011,1.926,1.139,0,1,1,1,0,0,0.021,0.100,0,0.000,0.500,0.700,0.000
UGC07524,31,10.690,104.416,41.548,1.019,0.02003,0.314,0.099,0.780,1.00000,1.00000,1.00000,7.345,0.12739,2.300,5.292,7.078,0.61290,0.67742,0.74194,2.995,0.11921,0.914,0.864,2.782,1.986,framework,0.969,0.998,2.858,0.000,1,1,1,1,0,0,0.021,0.100,0,0.000,0.500,0.700,0.000
UGC07559,7,2.530,103.829,22.012,0.481,0.01687,0.149,0.022,0.367,1.00000,1.00000,1.00000,10.460,0.52318,3.238,10.487,4.296,0.00000,0.00000,0.42857,2.357,0.19692,0.730,0.621,1.352,3.089,framework,0.973,1.013,4.060,1.349,0,1,1,1,0,0,0.021,0.100,0,0.000,0.500,0.700,0.000
UGC07577,9,1.690,65.328,11.286,0.441,0.02807,0.139,0.019,0.388,1.00000,1.00000,1.00000,13.113,1.20806,4.137,17.112,5.175,0.11111,0.11111,0.22222,1.847,0.25578,0.583,0.382,1.017,3.998,framework,0.989,1.000,1.068,0.000,1,1,1,1,0,0,0.021,0.100,0,0.000,0.500,0.700,0.000
UGC07603,12,4.110,104.359,36.841,0.978,0.01670,0.339,0.115,0.969,1.00000,1.00000,1.00000,6.859,0.13926,2.373,5.632,3.061,0.08333,0.33333,0.83333,3.270,0.10280,1.131,1.396,2.092,2.035,framework,0.987,1.021,3.400,2.100,0,1,1,1,0,0,0.021,0.100,0,0.000,0.500,0.700,0.000
UGC07608,8,4.780,103.928,34.985,0.971,0.01792,0.145,0.021,0.285,1.00000,1.00000,1.00000,7.670,0.19873,1.146,1.314,1.386,0.37500,1.00000,1.00000,5.496,0.31059,0.822,0.771,1.852,1.001,framework,0.960,1.022,6.200,2.200,0,1,1,1,0,0,0.021,0.100,0,0.000,0.500,0.700,0.000
UGC07690,7,4.130,103.161,37.758,0.587,0.01049,0.136,0.019,0.336,1.00000,1.00000,1.00000,6.176,0.10855,1.433,2.053,2.419,0.57143,0.71429,1.00000,7.548,0.13619,1.751,3.578,2.754,1.297,framework,0.967,1.030,6.235,2.962,0,1,1,1,0,0,0.021,0.100,0,0.000,0.500,0.700,0.000
UGC07866,7,2.320,103.515,22.458,0.451,0.01476,0.111,0.012,0.268,1.00000,1.00000,1.00000,8.082,0.31305,1.986,3.944,2.621,0.14286,0.42857,1.00000,1.208,0.07698,0.297,0.103,0.572,1.875,framework,0.968,1.000,3.232,0.000,1,1,1,1,0,0,0.021,0.100,0,0.000,0.500,0.700,0.000
UGC08286,17,8.040,104.786,45.107,1.069,0.01331,0.531,0.282,1.567,0.88235,1.00000,1.00000,11.205,0.16016,5.212,27.163,9.394,0.05882,0.05882,0.17647,5.450,0.12251,2.503,6.655,4.926,4.681,framework,0.988,1.000,1.200,0.000,1,1,1,1,0,0,0.021,0.100,0,0.000,0.500,0.700,0.000
UGC08490,30,10.150,104.911,46.798,1.193,0.02066,0.323,0.105,1.125,0.96667,1.00000,1.00000,8.884,0.12310,2.408,5.797,3.855,0.13333,0.33333,0.80000,9.437,0.12895,2.557,6.766,4.576,2.084,framework,0.984,0.996,1.219,0.000,1,1,1,1,0,0,0.021,0.100,0,0.000,0.500,0.700,0.000
UGC08550,11,5.360,104.248,35.229,0.992,0.01917,0.464,0.215,0.947,1.00000,1.00000,1.00000,3.474,0.06973,1.603,2.571,2.117,0.18182,0.63636,1.00000,3.442,0.07475,1.525,2.557,3.124,1.139,framework,0.968,0.999,3.100,0.000,1,1,1,1,0,0,0.021,0.100,0,0.000,0.500,0.700,0.000
UGC08699,41,25.700,990.922,240.902,14.820,0.09391,0.822,0.676,2.087,0.82927,0.97561,1.00000,13.602,0.07534,2.538,6.444,5.653,0.19512,0.56098,0.75610,54.680,0.29732,11.810,142.975,35.205,1.716,framework,0.964,0.974,1.000,0.000,1,1,1,1,1,0,0.021,0.100,0,0.000,0.500,0.700,0.000
UGC08837,8,4.200,103.482,24.286,0.785,0.02332,0.303,0.092,0.611,1.00000,1.00000,1.00000,14.587,0.73671,6.066,36.797,8.501,0.00000,0.00000,0.00000,6.785,0.44488,2.649,8.022,3.746,5.763,framework,0.976,1.010,3.459,1.033,0,1,1,1,0,0,0.021,0.100,0,0.000,0.500,0.700,0.000
UGC09037,22,27.960,104.780,67.578,3.090,0.02175,0.344,0.118,0.890,1.00000,1.00000,1.00000,37.527,0.33679,6.755,45.632,12.617,0.00000,0.00000,0.13636,8.564,0.07492,0.994,1.035,2.557,6.412,framework,0.990,1.000,1.000,0.000,1,1,1,1,0,0,0.021,0.100,0,0.000,0.500,0.700,0.000
UGC09133,68,108.310,1270,257.964,4.525,0.01820,2.205,4.862,7.514,0.63235,0.76471,0.88235,21.180,0.08204,8.265,68.305,32.461,0.26471,0.50000,0.58824,111.090,0.39767,27.072,743.819,91.510,6.060,framework,0.970,1.000,3.000,0.000,1,1,1,1,1,1,0.036,0.350,45,3.834,0.500,0.700,0.000
UGC09992,5,3.890,104.647,26.035,0.701,0.02046,0.124,0.015,0.276,1.00000,1.00000,1.00000,15.308,0.45806,2.705,7.315,3.780,0.20000,0.40000,0.60000,3.172,0.10642,0.560,0.393,0.970,2.581,framework,0.991,1.000,0.937,0.000,1,1,1,1,0,0,0.021,0.100,0,0.000,0.500,0.700,0.000
UGC10310,7,7.740,103.325,40.132,0.795,0.01152,0.157,0.025,0.398,1.00000,1.00000,1.00000,7.972,0.11098,1.576,2.482,2.715,0.57143,0.71429,1.00000,3.307,0.07073,0.654,0.498,1.000,1.419,framework,0.968,1.037,6.900,3.700,0,1,1,1,0,0,0.021,0.100,0,0.000,0.500,0.700,0.000
UGC11455,36,41.930,833.861,225.760,7.267,0.04267,1.080,1.166,2.448,0.58333,0.97222,1.00000,15.234,0.18197,2.606,6.793,7.422,0.47222,0.69444,0.75000,32.347,0.18907,4.985,25.562,9.374,1.526,framework,0.969,1.000,3.146,0.000,1,1,1,1,0,0,0.021,0.100,0,0.000,0.500,0.700,0.000
UGC11557,12,10.560,104.746,42.332,2.525,0.12947,0.334,0.112,0.836,1.00000,1.00000,1.00000,34.189,1.77621,4.525,20.471,6.421,0.00000,0.00000,0.08333,8.068,1.09802,0.989,1.066,1.861,4.190,framework,0.987,1.012,2.484,1.179,0,1,1,1,0,0,0.021,0.100,0,0.000,0.500,0.700,0.000
UGC11820,10,15.820,305.919,63.370,2.350,0.10076,1.237,1.531,2.224,0.60000,0.80000,1.00000,9.201,0.14350,11.529,132.910,27.519,0.30000,0.50000,0.60000,4.421,0.13270,0.977,1.061,1.569,10.291,newtonian,0.990,1.000,1.000,0.000,1,1,1,1,0,0,0.021,0.100,0,0.000,0.500,0.700,0.000
UGC11914,65,9.830,218.857,142.932,5.266,0.02279,0.970,0.941,4.092,0.78462,0.95385,0.98462,34.979,0.12272,8.356,69.815,29.122,0.06154,0.13846,0.27692,39.804,0.14488,9.365,89.074,33.266,7.385,framework,0.970,0.998,2.800,0.000,1,1,1,1,1,0,0.021,0.100,0,0.000,0.500,0.700,0.000
UGC12506,31,49.990,489.638,171.062,8.491,0.06941,0.446,0.199,1.542,0.96774,1.00000,1.00000,38.685,0.20685,2.812,7.906,5.468,0.25806,0.38710,0.64516,34.312,0.15946,2.595,6.957,4.289,2.365,framework,0.984,1.000,1.600,0.000,1,1,1,1,0,0,0.021,0.100,0,0.000,0.500,0.700,0.000
UGC12632,15,10.660,104.591,40.040,1.262,0.01952,0.436,0.190,1.392,0.93333,1.00000,1.00000,7.647,0.10826,2.663,7.093,5.809,0.40000,0.66667,0.66667,2.341,0.05769,0.679,0.494,1.466,2.227,framework,0.970,1.000,2.992,0.000,1,1,1,1,0,0,0.021,0.100,0,0.000,0.500,0.700,0.000
UGC12732,16,15.400,104.600,45.801,0.836,0.01120,0.253,0.064,0.835,1.00000,1.00000,1.00000,6.806,0.08790,1.967,3.868,3.859,0.25000,0.75000,0.81250,2.786,0.04127,0.732,0.572,1.130,1.714,framework,0.991,1.031,4.027,3.109,0,1,1,1,0,0,0.021,0.100,0,0.000,0.500,0.700,0.000
UGCA281,7,1.080,101.225,21.589,0.433,0.01622,0.243,0.059,0.584,1.00000,1.00000,1.00000,2.920,0.13778,1.831,3.352,2.387,0.14286,0.71429,1.00000,1.701,0.20305,0.941,1.032,1.660,1.587,framework,0.968,0.999,3.068,0.000,1,1,1,1,0,0,0.021,0.100,0,0.000,0.500,0.700,0.000
UGCA442,8,6.330,103.748,33.290,0.629,0.01241,0.786,0.618,2.153,0.87500,0.87500,1.00000,3.451,0.10039,2.106,4.437,3.288,0.50000,0.50000,0.87500,3.001,0.14662,1.562,2.790,2.838,1.320,framework,0.956,1.017,6.039,1.680,0,1,1,1,0,0,0.021,0.100,0,0.000,0.500,0.700,0.000
UGCA444,36,2.620,104.902,23.666,1.191,0.04226,0.273,0.075,0.900,1.00000,1.00000,1.00000,4.905,0.18017,1.417,2.009,2.757,0.38889,0.83333,1.00000,2.035,0.14326,0.531,0.290,1.207,1.144,framework,0.946,1.000,5.371,0.000,1,1,1,1,0,0,0.021,0.100,0,0.000,0.500,0.700,0.000
