name,N,rMax_kpc,amp,newtonAmp,rms_fw,rel_rms_fw,sigma_rms_fw,chi2nu_fw,max_sigma_fw,frac_fw_within_1sigma,frac_fw_within_2sigma,frac_fw_within_3sigma,rms_mond,rel_rms_mond,sigma_rms_mond,chi2nu_mond,max_sigma_mond,frac_mond_within_1sigma,frac_mond_within_2sigma,frac_mond_within_3sigma,rms_newton,rel_rms_newton,sigma_rms_newton,chi2nu_newton,max_sigma_newton,delta_sigma_mond_minus_fw,winner_by_sigma,r4,r5,R5-r4,r5r4rmax,r5-r4*rmax*rho4*amp,edge_width_pct,outer_extension_pct,edge_bounded_1pct,edge_bounded_5pct,edge_bounded_10pct,has_mond_components,has_bulge_component,remap_on,remap_delta,remap_rc,n_remapped,max_remap_kpc,mond_disk_ml,mond_bulge_ml,mond_g_dagger_m_s2
UGC01230,11,36.54,104.69,57.683,1.092,0.02864,0.099,0.01,0.186,1,1,1,19.793,0.25209,1.921,3.689,3.271,0.36364,0.63636,0.81818,15.875,0.24392,1.49,2.442,2.32,1.822,framework,0.913,1.033,0.12,4.3848,,12,3.3,0,1,1,1,0,0,0.021,0.1,0,0,0.5,0.7,0
NGC4013,36,31.01,104.752,78.095,4.382,0.02527,0.749,0.562,1.675,0.75,1,1,13.492,0.07791,2.736,7.484,5.748,0.27778,0.55556,0.69444,24.468,0.1329,5.329,29.207,12.968,1.986,framework,0.86,1,0.14,4.3414,,13.991,0,1,1,1,1,1,0,0.021,0.1,0,0,0.5,0.7,0
UGC05253,73,53.29,259.5,180.9,4.136,0.01718,1.241,1.54,3.046,0.60274,0.87671,0.9863,15.259,0.0657,2.63,6.918,10.071,0.65753,0.79452,0.86301,53.484,0.23599,14.238,205.549,51.007,1.389,framework,0.966,1.04,0.074,3.94346,,7.4,4,0,1,1,1,1,1,0.058,0.258,58,3.033,0.5,0.7,0
NGC3769,12,37.16,104.483,70.771,4.364,0.04325,0.512,0.263,1.032,0.91667,1,1,15.473,0.14348,2.157,4.654,3.341,0.08333,0.5,0.83333,21.673,0.18676,2.53,6.982,3.86,1.645,framework,0.895,1,0.105,3.9018,,10.511,0,1,1,1,1,0,0,0.021,0.1,0,0,0.5,0.7,0
UGC09133,68,108.31,1270,257.964,4.525,0.0182,2.205,4.862,7.514,0.63235,0.76471,0.88235,21.18,0.08204,8.265,68.305,32.461,0.26471,0.5,0.58824,111.09,0.39767,27.072,743.819,91.51,6.06,framework,0.97,1,0.03,3.2493,,3,0,1,1,1,1,1,1,0.036,0.35,45,3.834,0.5,0.7,0
NGC3726,12,32.52,104.47,74.757,4.349,0.02752,0.591,0.349,1.148,0.91667,1,1,25.485,0.17987,4.998,24.978,9.037,0.16667,0.25,0.25,15.779,0.09831,2.664,7.742,5.196,4.407,framework,0.905,1,0.095,3.0894,,9.461,0,1,1,1,1,0,0,0.021,0.1,0,0,0.5,0.7,0
UGC05750,11,22.85,104.833,41.994,0.268,0.03015,0.032,0.001,0.067,1,1,1,15.398,0.81622,1.792,3.211,3.168,0.09091,0.72727,0.90909,7.105,0.98422,0.972,1.04,2.165,1.76,framework,0.873,0.964,0.091,2.07935,,9.043,0,1,1,1,1,0,0,0.021,0.1,0,0,0.5,0.7,0
NGC2955,24,35.43,1372.062,362.774,10.419,0.04608,1.915,3.667,6.536,0.54167,0.83333,0.91667,20.768,0.08686,2.821,7.958,5.931,0.41667,0.58333,0.66667,73.623,0.29884,7.876,64.735,15.309,0.906,framework,0.974,1.032,0.058,2.05494,,5.8,3.2,0,1,1,1,1,0,0.021,0.1,0,0,0.5,0.7,0
F563-1,17,20.1,104.728,52.887,2.323,0.04931,0.234,0.055,0.54,1,1,1,18.48,0.22789,1.667,2.778,4.038,0.35294,0.82353,0.94118,8.338,0.21969,0.897,0.856,2.527,1.433,framework,0.95,1.029,0.079,1.5879,,7.82,2.859,0,1,1,1,0,0,0.021,0.1,0,0,0.5,0.7,0
NGC0300,25,11.8,104.306,47.756,5.881,0.06591,1.098,1.206,3.02,0.72,0.92,0.96,5.664,0.0741,1.551,2.406,5.137,0.64,0.88,0.92,3.802,0.06043,0.831,0.72,2.136,0.453,newtonian,0.87,1,0.13,1.534,,13.03,0,1,1,1,1,0,0,0.021,0.1,0,0,0.5,0.7,0
UGC02916,43,38,1081.627,322.987,10.563,0.05684,1.113,1.238,4.036,0.72093,0.88372,0.97674,28.127,0.14259,8.693,75.571,26.033,0.2093,0.39535,0.44186,69.256,0.35418,13.882,197.298,47.828,7.58,framework,0.976,1.016,0.04,1.52,,4,1.6,0,1,1,1,1,0,0.021,0.1,0,0,0.5,0.7,0
UGC02487,17,80.38,862,255.168,5.907,0.01656,1.37,1.876,2.511,0.52941,0.76471,1,62.852,0.17329,16.175,261.62,34.378,0,0,0,87.606,0.23546,13.88,204.687,28.993,14.805,framework,0.982,1,0.018,1.44684,,1.8,0,1,1,1,1,1,0,0.021,0.1,0,0,0.5,0.7,0
UGC11455,36,41.93,833.861,225.76,7.267,0.04267,1.08,1.166,2.448,0.58333,0.97222,1,15.234,0.18197,2.606,6.793,7.422,0.47222,0.69444,0.75,32.347,0.18907,4.985,25.562,9.374,1.526,framework,0.969,1,0.031,1.29983,,3.146,0,1,1,1,1,0,0,0.021,0.1,0,0,0.5,0.7,0
F574-2,5,10.83,102.7,24.516,0.428,0.0156,0.052,0.003,0.101,1,1,1,38.698,1.371,4.7,22.091,6.445,0,0,0.4,3.603,0.2368,0.383,0.183,0.631,4.648,framework,0.917,1.035,0.118,1.27794,,11.8,3.5,0,1,1,1,0,0,0.021,0.1,0,0,0.5,0.7,0
NGC3198,43,44.08,419.144,131.441,4.469,0.08333,1.304,1.701,3.077,0.60465,0.86047,0.97674,10.905,0.22394,3.662,13.409,8.177,0.44186,0.65116,0.72093,24.198,0.17782,12.818,168.209,33.95,2.358,framework,0.988,1.016,0.028,1.23424,,2.8,1.6,0,1,1,1,0,0,0.021,0.1,0,0,0.5,0.7,0
NGC7793,46,7.87,104.989,54.754,2.428,0.1026,0.329,0.108,1.118,0.97826,1,1,5.98,0.286,0.954,0.911,2.798,0.76087,0.95652,1,7.818,0.32389,1.219,1.519,3.958,0.625,framework,0.875,1.03,0.155,1.21985,,15.47,2.997,0,1,1,1,0,0,0.021,0.1,0,0,0.5,0.7,0
NGC2903,34,24.96,368.421,147.587,6.894,0.05839,1.937,3.753,4.699,0.32353,0.61765,0.91176,23.584,0.44372,3.55,12.604,12.137,0.29412,0.61765,0.67647,44.247,0.25094,13.61,190.847,25.827,1.613,framework,0.996,1.038,0.042,1.04832,,4.2,3.8,0,1,1,1,0,0,0.021,0.1,0,0,0.5,0.7,0
UGC06787,71,37.19,603.23,215.1,12.562,0.07892,2.326,5.409,11.041,0.60563,0.85915,0.90141,29.824,0.12396,14.145,200.085,59.023,0.19718,0.28169,0.3662,73.659,0.29615,18.619,351.618,49.477,11.819,framework,0.974,1,0.026,0.96694,,2.6,0,1,1,1,1,1,1,0.014,0.28,49,0.509,0.5,0.7,0
NGC0801,13,59.82,238.88,125.808,8.747,0.04419,1.492,2.225,4.352,0.61538,0.92308,0.92308,34.998,0.1659,9.321,86.877,19.139,0,0,0.07692,56.569,0.26793,10.177,112.199,16.679,7.829,framework,0.996,1.01,0.014,0.83748,,1.4,1,1,1,1,1,0,0,0.021,0.1,0,0,0.5,0.7,0
NGC5371,19,46.24,212.005,123.52,9.182,0.04252,2.401,5.765,5.116,0.31579,0.57895,0.78947,44.111,0.20129,13.065,170.683,21.921,0.05263,0.15789,0.15789,48.881,0.22719,11.091,129.851,15.083,10.663,framework,0.982,1,0.018,0.83232,,1.8,0,1,1,1,1,0,0,0.021,0.1,0,0,0.5,0.7,0
F568-3,18,17.98,679.506,92.604,1.629,0.04889,0.194,0.037,0.496,1,1,1,7.985,0.26019,1.668,2.781,5.428,0.55556,0.94444,0.94444,12.568,0.31396,1.94,3.984,4.786,1.474,framework,0.952,0.998,0.046,0.82708,,4.6,0,1,1,1,1,0,0,0.021,0.1,0,0,0.5,0.7,0
UGC03580,47,27.06,767.081,136.527,8.226,0.12458,2.06,4.242,5.294,0.38298,0.65957,0.85106,26.033,0.34719,9.356,87.538,16.549,0.08511,0.21277,0.29787,20.101,0.26415,6.872,48.251,18.294,7.297,framework,0.97,1,0.03,0.8118,,3,0,1,1,1,1,1,0,0.021,0.1,0,0,0.5,0.7,0
UGC12506,31,49.99,489.638,171.062,8.491,0.06941,0.446,0.199,1.542,0.96774,1,1,38.685,0.20685,2.812,7.906,5.468,0.25806,0.3871,0.64516,34.312,0.15946,2.595,6.957,4.289,2.365,framework,0.984,1,0.016,0.79984,,1.6,0,1,1,1,1,0,0,0.021,0.1,0,0,0.5,0.7,0
UGC02885,19,74.07,1262,279.925,14.444,0.0517,1.444,2.086,4.268,0.84211,0.89474,0.89474,16.837,0.05624,1.684,2.835,6.67,0.78947,0.94737,0.94737,63.903,0.22675,6.39,43.105,18.013,0.239,framework,0.992,1.002,0.01,0.7407,,1,0.2,1,1,1,1,1,0,0.021,0.1,0,0,0.5,0.7,0
NGC7331,36,36.31,444.499,162.128,5.033,0.02086,1.083,1.173,2.607,0.66667,0.94444,1,25.913,0.10644,5.986,35.83,9.206,0.05556,0.11111,0.19444,49.033,0.19809,9.07,84.61,17.895,4.903,framework,0.98,1,0.02,0.7262,,2,0,1,1,1,1,1,0,0.021,0.1,0,0,0.5,0.7,0
M31,42,120,1116,400,12.055,0.05882,0.696,0.484,2.493,0.90476,0.95238,1,,,,,,,,,87.874,0.46165,3.004,9.244,6.776,,framework,0.994,1,0.006,0.72,,0.6,0,1,1,1,0,1,1,0.023,0.1,16,2.66,0.5,0.7,0
NGC2915,30,10.04,104.005,45.388,1.94,0.04396,0.248,0.062,0.591,1,1,1,20.625,0.46796,2.758,7.607,4.091,0.1,0.2,0.6,8.308,0.19623,1.018,1.071,2.517,2.51,framework,0.953,1.023,0.07,0.7028,,7.074,2.343,0,1,1,1,0,0,0.021,0.1,0,0,0.5,0.7,0
NGC5585,24,10.96,104.178,45.633,2.372,0.08208,1.905,3.627,6.463,0.625,0.875,0.875,8.216,0.20813,5.119,26.207,12.38,0.33333,0.5,0.625,3.51,0.11898,1.758,3.226,3.262,3.215,newtonian,0.963,1.027,0.064,0.70144,,6.343,2.68,0,1,1,1,0,0,0.021,0.1,0,0,0.5,0.7,0
UGC00128,22,53.75,104.958,64.098,1.927,0.0183,1.443,2.081,2.803,0.54545,0.81818,1,11.716,0.10844,9.847,96.958,17.912,0.04545,0.13636,0.18182,11.888,0.12278,8.255,71.382,15.608,8.404,framework,0.959,0.972,0.013,0.69875,,1.311,0,1,1,1,1,0,0,0.021,0.1,0,0,0.5,0.7,0
NGC4138,7,18.58,102.934,81.068,1.17,0.00675,0.101,0.01,0.187,1,1,1,9.999,0.05982,1.101,1.213,2.165,0.57143,0.85714,1,34.148,0.21995,2.803,9.164,4.351,1.001,framework,0.949,0.986,0.037,0.68746,,3.633,0,1,1,1,1,1,0,0.021,0.1,0,0,0.5,0.7,0
UGC04305,22,5.52,104.427,26.058,1.298,0.1359,0.405,0.164,1.08,0.95455,1,1,26.519,1.02084,8.276,68.492,12.852,0,0,0.31818,4.476,0.53106,1.232,1.591,2.502,7.871,framework,0.881,1,0.119,0.65688,,11.933,0,1,1,1,1,0,0,0.021,0.1,0,0,0.5,0.7,0
NGC4157,17,29.61,104.807,79.453,3.554,0.02972,0.343,0.117,0.852,1,1,1,21.999,0.13599,3.015,9.088,4.665,0.11765,0.29412,0.58824,23.346,0.12386,2.872,8.762,5.676,2.672,framework,1.017,1.039,0.022,0.65142,,2.2,3.9,0,1,1,1,1,0,0.021,0.1,0,0,0.5,0.7,0
UGC06614,13,64.59,825.946,208.224,2.923,0.01602,0.305,0.093,0.877,1,1,1,29.656,0.16843,3.028,9.17,5.592,0.30769,0.53846,0.61538,34.865,0.17992,2.783,8.388,4.22,2.724,framework,0.99,1,0.01,0.6459,,1,0,1,1,1,1,1,0,0.021,0.1,0,0,0.5,0.7,0
NGC6015,44,29.23,2382.503,291.932,4.695,0.03907,1.836,3.372,4.603,0.52273,0.77273,0.90909,11.297,0.09065,5.806,33.711,15.898,0.38636,0.70455,0.72727,41.447,0.2752,13.019,173.434,31.067,3.97,framework,0.978,1,0.022,0.64306,,2.2,0,1,1,1,1,0,0,0.021,0.1,0,0,0.5,0.7,0
UGC06983,17,15.68,104.861,55.769,1.341,0.01549,0.255,0.065,0.54,1,1,1,9.23,0.09826,1.902,3.619,3.101,0.35294,0.64706,0.94118,8.122,0.08153,1.209,1.554,2.528,1.647,framework,0.995,1.036,0.041,0.64288,,4.045,3.592,0,1,1,1,0,0,0.021,0.1,0,0,0.5,0.7,0
NGC2841,50,63.64,2031.308,321.721,8.585,0.02934,1.576,2.485,5.034,0.52,0.84,0.94,55.508,0.18173,9.288,86.272,16.004,0,0,0.04,99.938,0.32117,13.06,174.053,26.555,7.712,framework,0.998,1.008,0.01,0.6364,,1,0.8,1,1,1,1,1,0,0.021,0.1,0,0,0.5,0.7,0
NGC2683,11,34.62,574.14,178.979,11.555,0.06518,1.713,2.934,3.874,0.45455,0.81818,0.81818,14.215,0.08987,1.462,2.138,2.714,0.27273,0.90909,1,54.038,0.32546,6.618,48.178,12.532,-0.251,mond,0.982,1,0.018,0.62316,,1.8,0,1,1,1,1,1,0,0.021,0.1,0,0,0.5,0.7,0
UGC12732,16,15.4,104.6,45.801,0.836,0.0112,0.253,0.064,0.835,1,1,1,6.806,0.0879,1.967,3.868,3.859,0.25,0.75,0.8125,2.786,0.04127,0.732,0.572,1.13,1.714,framework,0.991,1.031,0.04,0.616,,4.027,3.109,0,1,1,1,0,0,0.021,0.1,0,0,0.5,0.7,0
UGC00191,9,9.98,104.857,43.603,1.27,0.03154,0.765,0.585,1.361,0.66667,1,1,7.324,0.10996,5.447,29.669,12.821,0.22222,0.44444,0.66667,5.669,0.09794,2.225,5.57,3.534,4.682,framework,0.871,0.931,0.06,0.5988,,5.949,0,1,1,1,1,0,0,0.021,0.1,0,0,0.5,0.7,0
UGC06446,17,10.22,104.675,46.451,1.097,0.01434,0.215,0.046,0.444,1,1,1,9.318,0.14081,2.209,4.878,3.764,0.41176,0.52941,0.76471,5.06,0.07402,0.902,0.865,1.761,1.994,framework,0.97,1.028,0.058,0.59276,,5.8,2.8,0,1,1,1,0,0,0.021,0.1,0,0,0.5,0.7,0
NGC0024,29,11.27,104.955,54.965,1.889,0.05638,0.279,0.078,0.659,1,1,1,20.93,0.23942,3.234,10.461,7.715,0.13793,0.13793,0.65517,16.557,0.24325,2.198,5.004,3.405,2.955,framework,0.953,1.003,0.05,0.5635,,5.095,0.348,1,1,1,1,0,0,0.021,0.1,0,0,0.5,0.7,0
NGC5055,28,54.59,940.212,245.477,6.439,0.03955,5.221,27.254,18.712,0.32143,0.57143,0.78571,27.638,0.1493,27.754,770.304,69.025,0,0.07143,0.07143,64.744,0.35837,57.189,3391.735,203.046,22.534,framework,0.99,1,0.01,0.5459,,1,0,1,1,1,1,0,0,0.021,0.1,0,0,0.5,0.7,0
UGC10310,7,7.74,103.325,40.132,0.795,0.01152,0.157,0.025,0.398,1,1,1,7.972,0.11098,1.576,2.482,2.715,0.57143,0.71429,1,3.307,0.07073,0.654,0.498,1,1.419,framework,0.968,1.037,0.069,0.53406,,6.9,3.7,0,1,1,1,0,0,0.021,0.1,0,0,0.5,0.7,0
NGC3992,9,46.02,1459.662,249.919,5.135,0.02057,0.761,0.579,1.492,0.77778,1,1,19.656,0.07675,3.04,9.241,6.158,0.44444,0.44444,0.66667,41.939,0.16585,6.402,46.106,10.013,2.279,framework,0.991,1.002,0.011,0.50622,,1.093,0.193,1,1,1,1,0,0,0.021,0.1,0,0,0.5,0.7,0
NGC3972,10,8.72,103.721,55.477,1.514,0.01278,0.325,0.106,0.696,1,1,1,6.998,0.10541,1.378,1.899,2.269,0.2,0.9,1,5.436,0.12866,1.107,1.361,3.241,1.053,framework,0.963,1.021,0.058,0.50576,,5.788,2.083,0,1,1,1,0,0,0.021,0.1,0,0,0.5,0.7,0
NGC5907,19,50.33,286.5,129.261,4.698,0.02142,1.746,3.048,3.7,0.31579,0.68421,0.94737,18.864,0.08707,5.793,33.557,10.515,0.10526,0.31579,0.42105,38.889,0.17385,11.528,140.277,22.705,4.047,framework,0.99,1,0.01,0.5033,,1,0,1,1,1,1,0,0,0.021,0.1,0,0,0.5,0.7,0
NGC6503,31,23.5,445,107.374,2.727,0.02995,1.178,1.387,2.918,0.6129,0.87097,1,3.993,0.04197,1.676,2.807,6.986,0.51613,0.90323,0.93548,21.639,0.19735,10.228,108.092,21.383,0.498,framework,0.98,1,0.02,0.47,,2,0,1,1,1,1,0,0,0.021,0.1,0,0,0.5,0.7,0
UGC05721,23,6.74,104.991,48.092,1.447,0.02676,0.299,0.089,0.688,1,1,1,16.799,0.21757,3.51,12.319,5.593,0.08696,0.26087,0.52174,10.269,0.1634,2.137,4.776,3.637,3.211,framework,0.96,1.028,0.068,0.45832,,6.75,2.772,0,1,1,1,0,0,0.021,0.1,0,0,0.5,0.7,0
NGC3953,8,15.68,104.604,82.685,1.32,0.00599,0.199,0.04,0.441,1,1,1,10.498,0.05029,1.573,2.475,2.266,0.25,0.75,1,13.106,0.06291,1.826,3.81,2.327,1.374,framework,0.973,1.002,0.029,0.45472,,2.84,0.168,1,1,1,1,0,0,0.021,0.1,0,0,0.5,0.7,0
NGC1003,36,30.24,104.768,54.138,1.531,0.01555,0.602,0.362,1.711,0.91667,1,1,8.1,0.10156,3.616,13.078,9.242,0.30556,0.47222,0.58333,8.419,0.09023,3.233,10.748,7.683,3.015,framework,0.996,1.011,0.015,0.4536,,1.5,1.1,0,1,1,1,0,0,0.021,0.1,0,0,0.5,0.7,0
NGC1090,24,30.09,104.91,68.517,4.078,0.03442,0.914,0.836,2.668,0.83333,0.91667,1,18.291,0.26265,6.651,44.229,12.092,0.16667,0.20833,0.375,19.31,0.19554,4.198,18.392,7.454,5.736,framework,0.979,0.994,0.015,0.45135,,1.5,0,1,1,1,1,0,0,0.021,0.1,0,0,0.5,0.7,0
NGC5033,22,44.59,478,162.381,16.387,0.07952,1.758,3.091,4.567,0.36364,0.72727,0.95455,14.09,0.06686,3.723,13.863,6.657,0.18182,0.27273,0.5,56.371,0.2669,11.521,139.05,19.345,1.965,framework,0.99,1,0.01,0.4459,,1,0,1,1,1,1,1,0,0.021,0.1,0,0,0.5,0.7,0
NGC3741,21,7,104.954,31.068,1.01,0.03657,0.431,0.186,0.885,1,1,1,2.719,0.11122,1.163,1.353,2.274,0.33333,0.95238,1,1.334,0.05215,0.596,0.373,1.353,0.732,framework,0.965,1.027,0.062,0.434,,6.235,2.73,0,1,1,1,0,0,0.021,0.1,0,0,0.5,0.7,0
NGC3521,41,17.74,447,189.144,4.589,0.02307,0.495,0.245,1.447,0.92683,1,1,7.259,0.03587,0.873,0.763,2.149,0.7561,0.95122,1,39.326,0.19587,4.808,23.699,14.025,0.379,framework,0.976,1,0.024,0.42576,,2.4,0,1,1,1,1,0,0,0.021,0.1,0,0,0.5,0.7,0
ESO563-G021,30,42.41,320.071,170.617,10.584,0.1152,1.441,2.076,5.409,0.63333,0.9,0.96667,45.771,0.42705,7.317,53.539,22.21,0.03333,0.03333,0.2,34.897,0.35225,5.411,30.294,13.975,5.876,framework,0.99,1,0.01,0.4241,,1,0,1,1,1,1,0,0,0.021,0.1,0,0,0.5,0.7,0
NGC2998,13,42.28,693.995,166.999,6,0.03784,0.974,0.948,2.592,0.69231,0.92308,1,27.709,0.21405,3.932,15.464,7.639,0.15385,0.15385,0.61538,42.589,0.23211,5.462,32.315,9.818,2.959,framework,0.992,1.002,0.01,0.4228,,1,0.2,1,1,1,1,0,1,0.021,0.1,5,0.755,0.5,0.7,0
UGC00891,5,7.39,104.012,35.072,0.729,0.01186,0.81,0.657,1.65,0.8,1,1,7.647,0.25157,6.889,47.454,10.898,0,0.2,0.2,4.36,0.17208,1.842,4.24,3.159,6.078,framework,0.951,1.008,0.057,0.42123,,5.698,0.828,1,1,1,1,0,0,0.021,0.1,0,0,0.5,0.7,0
NGC4183,23,21.02,104.411,56.071,1.617,0.01522,0.257,0.066,0.739,1,1,1,10.274,0.09727,1.92,3.688,3.3,0.34783,0.56522,0.91304,9.637,0.09414,1.734,3.144,2.869,1.663,framework,0.98,1,0.02,0.4204,,2.029,0,1,1,1,1,0,0,0.021,0.1,0,0,0.5,0.7,0
F567-2,5,9.59,102.141,32.724,0.792,0.0156,0.087,0.008,0.167,1,1,1,19.372,0.4139,2.376,5.644,3.125,0.2,0.4,0.6,3.483,0.09318,0.534,0.356,0.907,2.289,framework,0.973,1.016,0.043,0.41237,,4.349,1.617,0,1,1,1,0,0,0.021,0.1,0,0,0.5,0.7,0
UGC06399,9,7.85,104.679,43.501,0.912,0.01218,0.193,0.037,0.436,1,1,1,4.066,0.09317,0.876,0.768,1.526,0.77778,1,1,4.708,0.17253,0.776,0.677,1.913,0.684,framework,0.988,1.04,0.052,0.4082,,5.173,3.973,0,1,1,1,0,0,0.021,0.1,0,0,0.5,0.7,0
F574-1,14,12.6,104.522,48.365,0.967,0.01147,0.205,0.042,0.453,1,1,1,8.826,0.14034,1.875,3.517,3.193,0.28571,0.64286,0.92857,5.117,0.2338,1.12,1.351,2.941,1.67,framework,0.968,1,0.032,0.4032,,3.2,0,1,1,1,1,0,0,0.021,0.1,0,0,0.5,0.7,0
UGC03205,48,40.04,1351,236.014,17.104,0.13103,2.995,8.972,11.601,0.5,0.6875,0.79167,21.721,0.10101,3.507,12.3,9.701,0.27083,0.45833,0.58333,66.192,0.32036,10.666,116.181,24.86,0.512,framework,0.99,1,0.01,0.4004,,1,0,1,1,1,1,1,0,0.021,0.1,0,0,0.5,0.7,0
DDO154,12,5.92,101.879,30.245,0.636,0.01582,1.399,1.958,2.407,0.5,0.83333,1,4.433,0.20372,9.439,89.091,15.767,0,0,0,2.165,0.11317,4.518,22.264,8.573,8.04,framework,0.95,1.016,0.066,0.39072,,6.598,1.635,0,1,1,1,0,0,0.021,0.1,0,0,0.5,0.7,0
UGCA442,8,6.33,103.748,33.29,0.629,0.01241,0.786,0.618,2.153,0.875,0.875,1,3.451,0.10039,2.106,4.437,3.288,0.5,0.5,0.875,3.001,0.14662,1.562,2.79,2.838,1.32,framework,0.956,1.017,0.061,0.38613,,6.039,1.68,0,1,1,1,0,0,0.021,0.1,0,0,0.5,0.7,0
NGC1705,14,6,104.452,47.056,1.43,0.02138,0.245,0.06,0.601,1,1,1,17.057,0.24892,3.814,14.545,6.382,0,0.21429,0.42857,11.259,0.16329,1.948,4.086,3.404,3.569,framework,0.96,1.023,0.063,0.378,,6.288,2.261,0,1,1,1,0,0,0.021,0.1,0,0,0.5,0.7,0
F568-V1,15,17.63,104.873,62.11,0.879,0.01138,0.086,0.007,0.234,1,1,1,25.829,0.25726,3.066,9.4,5.977,0.4,0.66667,0.73333,10.059,0.27257,0.67,0.481,1.442,2.98,framework,0.961,0.982,0.021,0.37023,,2.075,0,1,1,1,1,0,0,0.021,0.1,0,0,0.5,0.7,0
NGC6195,23,36.43,382.074,169.797,8.371,0.03958,1.284,1.649,3.872,0.69565,0.91304,0.95652,33.31,0.13767,5.154,26.564,8.754,0.08696,0.13043,0.21739,40.774,0.17086,9.07,86.008,20.399,3.87,framework,0.99,1,0.01,0.3643,,1,0,1,1,1,1,1,0,0.021,0.1,0,0,0.5,0.7,0
NGC5985,33,34.72,572.118,194.448,4.943,0.01818,0.99,0.98,2.348,0.69697,0.9697,1,70.765,0.25228,12.673,160.601,25.574,0,0,0,40.217,0.14618,6.359,41.696,16.522,11.683,framework,0.99,1,0.01,0.3472,,1,0,1,1,1,1,1,0,0.021,0.1,0,0,0.5,0.7,0
NGC4088,12,21.48,104.207,72.626,1.462,0.00867,0.228,0.052,0.463,1,1,1,40.438,0.25304,5.99,35.884,7.994,0,0.08333,0.16667,16.37,0.09885,2.387,6.214,4.129,5.762,framework,0.99,1.006,0.016,0.34368,,1.653,0.629,1,1,1,1,0,0,0.021,0.1,0,0,0.5,0.7,0
UGC06786,45,34.05,2299.173,316.8,3.789,0.01876,1.505,2.264,5.071,0.73333,0.91111,0.93333,31.231,0.14719,13.032,169.84,39.495,0.13333,0.15556,0.17778,58.398,0.29228,14.331,210.059,30.136,11.527,framework,0.99,1,0.01,0.3405,,1,0,1,1,1,1,1,1,0.021,0.1,7,0.649,0.5,0.7,0
F563-V1,6,7.87,104.009,22.393,0.437,0.01591,0.087,0.008,0.157,1,1,1,29.312,1.14621,5.862,34.368,8.391,0,0,0.16667,2.379,0.13325,0.476,0.272,0.692,5.775,framework,0.991,1.034,0.043,0.33841,,4.3,3.4,0,1,1,1,0,0,0.021,0.1,0,0,0.5,0.7,0
UGC12632,15,10.66,104.591,40.04,1.262,0.01952,0.436,0.19,1.392,0.93333,1,1,7.647,0.10826,2.663,7.093,5.809,0.4,0.66667,0.66667,2.341,0.05769,0.679,0.494,1.466,2.227,framework,0.97,1,0.03,0.3198,,2.992,0,1,1,1,1,0,0,0.021,0.1,0,0,0.5,0.7,0
NGC4559,32,20.97,104.904,59.176,1.642,0.01918,0.291,0.085,0.527,1,1,1,18.622,0.16946,3.725,13.876,5.485,0,0.125,0.15625,8.59,0.08071,1.545,2.465,3.253,3.434,framework,0.971,0.986,0.015,0.31455,,1.5,0,1,1,1,1,0,0,0.021,0.1,0,0,0.5,0.7,0
UGC02953,115,62.39,417.5,214.7,7.763,0.02737,2.564,6.574,9.669,0.48696,0.73913,0.82609,30.736,0.11685,14.183,201.153,62.471,0.26087,0.28696,0.33913,79.905,0.29693,26.454,705.942,115.233,11.619,framework,0.995,1,0.005,0.31195,,0.5,0,1,1,1,1,1,1,0.032,0.1,54,1.939,0.5,0.7,0
UGC07524,31,10.69,104.416,41.548,1.019,0.02003,0.314,0.099,0.78,1,1,1,7.345,0.12739,2.3,5.292,7.078,0.6129,0.67742,0.74194,2.995,0.11921,0.914,0.864,2.782,1.986,framework,0.969,0.998,0.029,0.31001,,2.858,0,1,1,1,1,0,0,0.021,0.1,0,0,0.5,0.7,0
NGC4389,6,5.32,104.249,43.376,1.695,0.01862,0.232,0.054,0.485,1,1,1,47.324,0.93942,7.349,54.006,8.303,0,0,0,10.611,0.26614,1.628,3.179,2.852,7.117,framework,0.96,1.018,0.058,0.30856,,5.745,1.753,0,1,1,1,0,0,0.021,0.1,0,0,0.5,0.7,0
NGC0891,18,17.11,271.019,125.925,3.797,0.01747,1.023,1.047,2.298,0.72222,0.94444,1,29.286,0.14028,5.852,34.246,10.431,0.05556,0.05556,0.11111,39.542,0.1787,7.065,52.85,11.86,4.829,framework,0.982,1,0.018,0.30798,,1.8,0,1,1,1,1,1,0,0.021,0.1,0,0,0.5,0.7,0
UGC07608,8,4.78,103.928,34.985,0.971,0.01792,0.145,0.021,0.285,1,1,1,7.67,0.19873,1.146,1.314,1.386,0.375,1,1,5.496,0.31059,0.822,0.771,1.852,1.001,framework,0.96,1.022,0.062,0.29636,,6.2,2.2,0,1,1,1,0,0,0.021,0.1,0,0,0.5,0.7,0
UGC03546,30,29.23,615.094,177.558,11.714,0.05201,2.899,8.407,9.348,0.63333,0.76667,0.83333,29.629,0.12704,3.494,12.207,10.562,0.16667,0.5,0.66667,87.695,0.38351,8.604,76.586,17.991,0.594,framework,0.99,1,0.01,0.2923,,1,0,1,1,1,1,1,0,0.021,0.1,0,0,0.5,0.7,0
NGC2403,73,20.87,919.969,154.896,6.008,0.11087,4.805,23.091,17.934,0.46575,0.65753,0.75342,6.411,0.05654,8.697,75.638,40.068,0.16438,0.42466,0.60274,17.982,0.17073,15.233,235.266,61.421,3.892,framework,0.988,1.002,0.014,0.29218,,1.447,0.215,1,1,1,1,0,0,0.021,0.1,0,0,0.5,0.7,0
UGC05005,11,28.61,202.764,61.787,1.201,0.04324,0.125,0.016,0.241,1,1,1,15.28,0.34457,1.568,2.46,2.714,0.18182,0.81818,1,4.565,0.2358,0.467,0.24,1.34,1.443,framework,0.99,1,0.01,0.2861,,1,0,1,1,1,1,0,0,0.021,0.1,0,0,0.5,0.7,0
UGC09037,22,27.96,104.78,67.578,3.09,0.02175,0.344,0.118,0.89,1,1,1,37.527,0.33679,6.755,45.632,12.617,0,0,0.13636,8.564,0.07492,0.994,1.035,2.557,6.412,framework,0.99,1,0.01,0.2796,,1,0,1,1,1,1,0,0,0.021,0.1,0,0,0.5,0.7,0
UGC11914,65,9.83,218.857,142.932,5.266,0.02279,0.97,0.941,4.092,0.78462,0.95385,0.98462,34.979,0.12272,8.356,69.815,29.122,0.06154,0.13846,0.27692,39.804,0.14488,9.365,89.074,33.266,7.385,framework,0.97,0.998,0.028,0.27524,,2.8,0,1,1,1,1,1,0,0.021,0.1,0,0,0.5,0.7,0
UGC02259,8,8.14,100.587,46.119,0.817,0.00974,0.315,0.099,0.634,1,1,1,13.737,0.19726,6.754,45.617,11.969,0,0,0.25,5.327,0.07299,2.565,7.52,4.761,6.439,framework,0.967,1,0.033,0.26862,,3.256,0,1,1,1,1,0,0,0.021,0.1,0,0,0.5,0.7,0
UGC11557,12,10.56,104.746,42.332,2.525,0.12947,0.334,0.112,0.836,1,1,1,34.189,1.77621,4.525,20.471,6.421,0,0,0.08333,8.068,1.09802,0.989,1.066,1.861,4.19,framework,0.987,1.012,0.025,0.264,,2.484,1.179,0,1,1,1,0,0,0.021,0.1,0,0,0.5,0.7,0
UGC07690,7,4.13,103.161,37.758,0.587,0.01049,0.136,0.019,0.336,1,1,1,6.176,0.10855,1.433,2.053,2.419,0.57143,0.71429,1,7.548,0.13619,1.751,3.578,2.754,1.297,framework,0.967,1.03,0.063,0.26019,,6.235,2.962,0,1,1,1,0,0,0.021,0.1,0,0,0.5,0.7,0
UGC08699,41,25.7,990.922,240.902,14.82,0.09391,0.822,0.676,2.087,0.82927,0.97561,1,13.602,0.07534,2.538,6.444,5.653,0.19512,0.56098,0.7561,54.68,0.29732,11.81,142.975,35.205,1.716,framework,0.964,0.974,0.01,0.257,,1,0,1,1,1,1,1,0,0.021,0.1,0,0,0.5,0.7,0
UGC06628,7,7.69,101.468,29.721,0.601,0.0143,0.073,0.005,0.183,1,1,1,33.422,0.80848,4.041,16.332,6.214,0,0.28571,0.42857,3.31,0.08655,0.4,0.187,0.678,3.969,framework,0.98,1.011,0.031,0.23839,,3.1,1.1,0,1,1,1,0,0,0.021,0.1,0,0,0.5,0.7,0
UGC04499,9,8.18,103.432,39.829,0.838,0.01238,0.31,0.096,0.622,1,1,1,8.9,0.19335,3.079,9.479,5.175,0.11111,0.22222,0.77778,2.83,0.0976,0.773,0.673,1.807,2.768,framework,0.971,1,0.029,0.23722,,2.944,0,1,1,1,1,0,0,0.021,0.1,0,0,0.5,0.7,0
NGC0055,21,13.5,104.748,44.473,0.875,0.01493,0.304,0.093,0.659,1,1,1,17.39,0.27629,7.15,51.127,19.272,0,0,0.14286,3.706,0.08576,1.738,3.172,5.435,6.846,framework,0.997,1.014,0.017,0.2295,,1.742,1.442,0,1,1,1,0,0,0.021,0.1,0,0,0.5,0.7,0
PGC51017,6,3.63,103.751,18.836,0.179,0.00891,0.073,0.005,0.151,1,1,1,21.558,1.15555,11.464,131.427,15.24,0.16667,0.16667,0.16667,4.598,0.2298,1.701,3.473,2.675,11.392,framework,0.937,1,0.063,0.22869,,6.32,0,1,1,1,1,0,0,0.021,0.1,0,0,0.5,0.7,0
NGC4100,24,22.76,104.918,78.822,2.559,0.01506,0.39,0.152,1.157,0.91667,1,1,10.537,0.06256,1.842,3.393,3.974,0.41667,0.66667,0.91667,23.492,0.13955,3.624,13.702,6.412,1.452,framework,1.022,1.032,0.01,0.2276,,1,3.236,0,1,1,1,0,0,0.021,0.1,0,0,0.5,0.7,0
MilkyWay,21,28,1267,273.2,1.463,0.00662,0.308,0.095,0.588,1,1,1,,,,,,,,,50.126,0.24656,6.098,39.047,8.616,,framework,0.992,1,0.008,0.224,,0.8,0,1,1,1,0,1,0,0.021,0.1,0,0,0.5,0.7,0
UGC05999,5,16.22,103.615,46.623,1.173,0.01197,0.235,0.055,0.509,1,1,1,12.041,0.18665,2.408,5.799,3.933,0.4,0.6,0.6,5.312,0.1101,1.062,1.411,2.231,2.174,framework,0.976,0.989,0.013,0.21086,,1.33,0,1,1,1,1,0,0,0.021,0.1,0,0,0.5,0.7,0
UGC05829,11,6.91,104.651,33.837,1.107,0.0267,0.219,0.048,0.365,1,1,1,8.557,0.14512,1.691,2.86,2.802,0.45455,0.63636,1,4.567,0.17665,0.903,0.896,1.569,1.472,framework,0.97,1,0.03,0.2073,,3,0,1,1,1,1,0,0,0.021,0.1,0,0,0.5,0.7,0
NGC6946,58,20.4,686,177.597,10.793,0.07066,1.623,2.633,9.78,0.75862,0.93103,0.96552,16.454,0.10351,5.064,25.645,12.523,0.03448,0.27586,0.55172,37.84,0.24394,7.671,59.869,22.99,3.441,framework,0.99,1,0.01,0.204,,1,0,1,1,1,1,1,0,0.021,0.1,0,0,0.5,0.7,0
UGC02455,8,4.03,103.626,29.215,0.505,0.01279,0.139,0.019,0.234,1,1,1,40.729,1.2822,11.189,125.2,13.502,0,0,0,5.783,0.16012,1.589,2.885,3.195,11.051,framework,0.951,1,0.049,0.19747,,4.875,0,1,1,1,1,0,0,0.021,0.1,0,0,0.5,0.7,0
F565-V2,7,8.8,102.492,40.218,1.148,0.0143,0.19,0.036,0.483,1,1,1,6.942,0.13197,1.046,1.094,1.561,0.42857,1,1,6.796,0.26637,0.717,0.599,1.427,0.856,framework,0.985,1.007,0.022,0.1936,,2.265,0.749,1,1,1,1,0,0,0.021,0.1,0,0,0.5,0.7,0
UGC02023,5,3.78,101.688,28.751,0.566,0.01138,0.065,0.004,0.124,1,1,1,13.906,0.51575,1.6,2.561,2.011,0.2,0.6,1,7.065,0.31235,0.813,0.826,1.181,1.535,framework,0.942,0.993,0.051,0.19278,,5.1,0,1,1,1,1,0,0,0.021,0.1,0,0,0.5,0.7,0
NGC3893,10,19.05,104.968,82.758,3.703,0.02323,0.533,0.284,1.202,0.9,1,1,6.694,0.04014,0.946,0.895,1.877,0.7,1,1,25.028,0.1444,2.628,7.677,3.748,0.413,framework,0.97,0.98,0.01,0.1905,,1,0,1,1,1,1,0,0,0.021,0.1,0,0,0.5,0.7,0
UGC06917,11,10.47,104.884,50.968,0.991,0.00997,0.191,0.036,0.462,1,1,1,4.713,0.05313,1.199,1.438,2.176,0.54545,0.90909,1,2.739,0.02994,0.683,0.513,1.178,1.009,framework,0.984,1.002,0.018,0.18846,,1.788,0.228,1,1,1,1,0,0,0.021,0.1,0,0,0.5,0.7,0
UGC06667,9,7.85,772.57,85.982,1.638,0.03009,0.46,0.212,0.924,1,1,1,16.743,0.28115,5.164,26.662,7.279,0,0,0.11111,4.617,0.11027,1.313,1.939,1.906,4.703,framework,0.994,1.018,0.024,0.1884,,2.4,1.8,0,1,1,1,0,0,0.021,0.1,0,0,0.5,0.7,0
UGC07125,13,18.68,104.873,39.074,1.071,0.02023,0.363,0.132,0.788,1,1,1,30.682,0.5201,11.937,142.488,17.74,0,0,0,3.202,0.06228,1.09,1.286,1.719,11.574,framework,0.99,1,0.01,0.1868,,1,0,1,1,1,1,0,0,0.021,0.1,0,0,0.5,0.7,0
D564-8,6,3.07,220.852,23.4,0.071,0.00313,0.037,0.001,0.066,1,1,1,7.158,0.4938,4.278,18.299,5.658,0,0,0,1.893,0.13654,1.063,1.356,1.607,4.24,framework,0.94,1,0.06,0.1842,,6,0,1,1,1,1,0,0,0.021,0.1,0,0,0.5,0.7,0
NGC3949,7,7.07,104.852,68.423,1.262,0.00764,0.094,0.009,0.132,1,1,1,9.522,0.06354,1.503,2.26,2.797,0.42857,0.85714,1,6.516,0.04096,0.739,0.638,1.226,1.409,framework,0.974,1,0.026,0.18382,,2.623,0,1,1,1,1,0,0,0.021,0.1,0,0,0.5,0.7,0
F583-4,12,7.29,104.668,36.348,0.967,0.02193,0.231,0.054,0.611,1,1,1,5.332,0.09567,1.145,1.311,1.92,0.41667,1,1,2.61,0.16958,0.549,0.329,1.221,0.913,framework,0.976,1,0.024,0.17496,,2.358,0,1,1,1,1,0,0,0.021,0.1,0,0,0.5,0.7,0
NGC4217,19,16.72,104.112,76.136,1.822,0.01153,0.284,0.08,0.578,1,1,1,52.347,0.54471,7.463,55.702,13.601,0,0.05263,0.10526,16.915,0.16323,2.319,5.675,3.703,7.18,framework,1.016,1.026,0.01,0.1672,,1.039,2.631,0,1,1,1,1,0,0.021,0.1,0,0,0.5,0.7,0
F579-V1,14,15.16,260.779,82.03,3.191,0.06995,0.344,0.118,0.966,1,1,1,18.495,0.21739,1.867,3.486,3.548,0.42857,0.71429,0.78571,11.805,0.12192,1.195,1.538,2.152,1.523,framework,0.99,1.001,0.011,0.16676,,1.106,0.106,1,1,1,1,0,0,0.021,0.1,0,0,0.5,0.7,0
UGC07261,7,6.67,104.486,41.962,0.831,0.01118,0.147,0.022,0.336,1,1,1,4.61,0.08564,0.814,0.663,1.666,0.71429,1,1,3.922,0.0629,0.693,0.56,1.277,0.668,framework,0.974,0.999,0.025,0.16675,,2.484,0,1,1,1,1,0,0,0.021,0.1,0,0,0.5,0.7,0
ESO079-G014,15,16.67,104.732,66.63,2.194,0.03995,0.352,0.124,0.894,1,1,1,11.591,0.11931,2.827,7.992,4.623,0.2,0.4,0.46667,12.117,0.20554,2.086,4.663,4.642,2.475,framework,0.99,1,0.01,0.1667,,1,0,1,1,1,1,0,0,0.021,0.1,0,0,0.5,0.7,0
UGC08550,11,5.36,104.248,35.229,0.992,0.01917,0.464,0.215,0.947,1,1,1,3.474,0.06973,1.603,2.571,2.117,0.18182,0.63636,1,3.442,0.07475,1.525,2.557,3.124,1.139,framework,0.968,0.999,0.031,0.16616,,3.1,0,1,1,1,1,0,0,0.021,0.1,0,0,0.5,0.7,0
UGC06930,10,16.61,104.066,52.787,0.865,0.009,0.134,0.018,0.236,1,1,1,10.522,0.10494,1.592,2.533,2.424,0.3,0.7,1,5.822,0.06128,0.867,0.835,1.466,1.458,framework,0.99,1,0.01,0.1661,,1,0,1,1,1,1,0,0,0.021,0.1,0,0,0.5,0.7,0
F583-1,25,16.26,347.861,69.688,2.417,0.15885,0.332,0.11,0.768,1,1,1,10.324,0.31883,1.91,3.649,4.688,0.48,0.76,0.88,6.202,0.38144,1.118,1.301,2.797,1.578,framework,0.99,1,0.01,0.1626,,1,0,1,1,1,1,0,0,0.021,0.1,0,0,0.5,0.7,0
UGC00634,4,18.01,343.397,79.561,1.254,0.01321,0.799,0.638,1.264,0.75,1,1,2.388,0.03061,1.188,1.411,1.575,0.5,1,1,3.433,0.03373,2.183,6.351,3.131,0.389,framework,0.992,1.001,0.009,0.16209,,0.9,0.1,1,1,1,1,0,0,0.021,0.1,0,0,0.5,0.7,0
UGC11820,10,15.82,305.919,63.37,2.35,0.10076,1.237,1.531,2.224,0.6,0.8,1,9.201,0.1435,11.529,132.91,27.519,0.3,0.5,0.6,4.421,0.1327,0.977,1.061,1.569,10.291,newtonian,0.99,1,0.01,0.1582,,1,0,1,1,1,1,0,0,0.021,0.1,0,0,0.5,0.7,0
ESO116-G012,15,9.86,104.14,51.859,2.109,0.02947,0.672,0.452,1.301,0.86667,1,1,9.243,0.0918,3.589,12.884,6.971,0.2,0.26667,0.66667,5.352,0.14973,1.608,2.769,3.145,2.917,framework,0.984,1,0.016,0.15776,,1.643,0,1,1,1,1,0,0,0.021,0.1,0,0,0.5,0.7,0
NGC3917,17,14.86,263.483,86.311,3.036,0.02958,0.701,0.491,2.241,0.94118,0.94118,1,6.686,0.18687,1.691,2.858,4.561,0.52941,0.76471,0.88235,9.448,0.24377,2.341,5.822,5.733,0.99,framework,0.994,1.004,0.01,0.1486,,1,0.4,1,1,1,1,0,0,0.021,0.1,0,0,0.5,0.7,0
NGC0247,26,14.54,104.45,48.329,0.716,0.01018,0.457,0.209,1.927,0.96154,1,1,5.404,0.06505,2.088,4.359,5.623,0.61538,0.73077,0.84615,2.807,0.04669,1.721,3.08,6.895,1.631,framework,0.99,1,0.01,0.1454,,1,0,1,1,1,1,0,0,0.021,0.1,0,0,0.5,0.7,0
NGC6674,15,72.41,1217.169,230.966,9.324,0.04285,2.155,4.643,5.141,0.46667,0.6,0.86667,26.556,0.0964,4.954,24.539,8.467,0.2,0.26667,0.46667,63.566,0.24176,12.539,168.445,21.436,2.799,framework,0.998,1,0.002,0.14482,,0.2,0,1,1,1,1,1,0,0.021,0.1,0,0,0.5,0.7,0
UGC08837,8,4.2,103.482,24.286,0.785,0.02332,0.303,0.092,0.611,1,1,1,14.587,0.73671,6.066,36.797,8.501,0,0,0,6.785,0.44488,2.649,8.022,3.746,5.763,framework,0.976,1.01,0.034,0.1428,,3.459,1.033,0,1,1,1,0,0,0.021,0.1,0,0,0.5,0.7,0
UGCA444,36,2.62,104.902,23.666,1.191,0.04226,0.273,0.075,0.9,1,1,1,4.905,0.18017,1.417,2.009,2.757,0.38889,0.83333,1,2.035,0.14326,0.531,0.29,1.207,1.144,framework,0.946,1,0.054,0.14148,,5.371,0,1,1,1,1,0,0,0.021,0.1,0,0,0.5,0.7,0
UGC07603,12,4.11,104.359,36.841,0.978,0.0167,0.339,0.115,0.969,1,1,1,6.859,0.13926,2.373,5.632,3.061,0.08333,0.33333,0.83333,3.27,0.1028,1.131,1.396,2.092,2.035,framework,0.987,1.021,0.034,0.13974,,3.4,2.1,0,1,1,1,0,0,0.021,0.1,0,0,0.5,0.7,0
F571-V1,7,13.59,103.45,43.016,1.123,0.01355,0.186,0.035,0.399,1,1,1,6.313,0.13464,0.885,0.783,1.228,0.71429,1,1,4.166,0.11951,0.471,0.259,0.991,0.699,framework,0.99,1,0.01,0.1359,,1,0,1,1,1,1,0,0,0.021,0.1,0,0,0.5,0.7,0
DDO161,31,13.37,565.476,68.465,2.029,0.0474,1.671,2.794,7.075,0.74194,0.87097,0.93548,18.512,0.43559,12.231,149.598,24.243,0,0.03226,0.09677,1.92,0.08373,0.995,1.024,2.543,10.56,newtonian,0.99,1,0.01,0.1337,,1,0,1,1,1,1,0,0,0.021,0.1,0,0,0.5,0.7,0
F568-1,12,13.23,418.388,98.116,1.615,0.01899,0.143,0.02,0.244,1,1,1,30.06,0.28128,2.628,6.904,4.241,0.25,0.33333,0.75,8.312,0.33763,0.811,0.718,1.933,2.484,framework,0.99,1,0.01,0.1323,,1,0,1,1,1,1,0,0,0.021,0.1,0,0,0.5,0.7,0
UGC01281,25,4.99,100,31.559,0.815,0.1234,0.177,0.031,0.44,1,1,1,2.581,0.17778,0.586,0.344,1.242,0.86957,1,1,5.922,1.11221,1.371,1.959,2.507,0.41,framework,0.974,1,0.026,0.12974,,2.6,0,1,1,1,1,0,0,0.021,0.1,0,0,0.5,0.7,0
F571-8,13,15.55,263.576,85.794,2.86,0.08512,0.517,0.267,1.096,0.92308,1,1,27.935,0.63227,6.369,40.569,9.294,0.07692,0.15385,0.23077,6.9,0.41073,1.308,1.853,2.611,5.852,framework,0.992,1,0.008,0.1244,,0.782,0,1,1,1,1,0,0,0.021,0.1,0,0,0.5,0.7,0
UGC05716,12,12.37,104.724,41.442,0.65,0.01007,0.593,0.351,1.031,0.91667,1,1,5.598,0.08838,6.124,37.507,12.551,0.08333,0.16667,0.41667,3.432,0.06013,3.778,15.573,6.354,5.532,framework,1.023,1.033,0.01,0.1237,,1,3.3,0,1,1,1,0,0,0.021,0.1,0,0,0.5,0.7,0
DDO170,8,12.33,102.058,35.7,1.022,0.01662,0.982,0.965,2.565,0.875,0.875,1,14.336,0.27141,12.346,152.423,16.271,0,0,0,2.549,0.06854,1.905,4.147,3.604,11.364,framework,0.99,1,0.01,0.1233,,1,0,1,1,1,1,0,0,0.021,0.1,0,0,0.5,0.7,0
NGC4051,7,12.19,104.835,66.346,2.629,0.01722,0.341,0.116,0.54,1,1,1,24.139,0.16049,3.38,11.422,5.874,0.14286,0.42857,0.57143,10.843,0.08204,1.068,1.331,1.492,3.039,framework,0.99,1,0.01,0.1219,,1,0,1,1,1,1,0,0,0.021,0.1,0,0,0.5,0.7,0
UGC08490,30,10.15,104.911,46.798,1.193,0.02066,0.323,0.105,1.125,0.96667,1,1,8.884,0.1231,2.408,5.797,3.855,0.13333,0.33333,0.8,9.437,0.12895,2.557,6.766,4.576,2.084,framework,0.984,0.996,0.012,0.1218,,1.219,0,1,1,1,1,0,0,0.021,0.1,0,0,0.5,0.7,0
NGC4214,14,5.63,104.933,48.37,1.395,0.02115,0.254,0.065,0.815,1,1,1,15.417,0.21266,2.381,5.669,3.382,0.07143,0.35714,0.78571,9.05,0.12718,1.36,1.991,2.766,2.127,framework,0.977,0.998,0.021,0.11823,,2.132,0,1,1,1,1,0,0,0.021,0.1,0,0,0.5,0.7,0
NGC7814,18,19.53,734.312,183.17,8.649,0.03463,1.078,1.162,2.072,0.55556,0.88889,1,20.319,0.09197,5.222,27.271,7.707,0.16667,0.27778,0.33333,62.797,0.25596,7.757,63.716,13.2,4.144,framework,0.994,1,0.006,0.11718,,0.6,0,1,1,1,1,1,0,0.021,0.1,0,0,0.5,0.7,0
UGC07399,10,6.13,102.936,50.419,1.104,0.01093,0.279,0.078,0.61,1,1,1,27.366,0.30138,8.741,76.405,12.189,0,0,0,4.073,0.0476,1.269,1.788,2.394,8.462,framework,0.992,1.011,0.019,0.11647,,1.926,1.139,0,1,1,1,0,0,0.021,0.1,0,0,0.5,0.7,0
NGC5005,18,11.47,404.621,178.669,4.508,0.02,0.198,0.039,0.506,1,1,1,10.867,0.04645,0.737,0.543,1.935,0.77778,1,1,41.091,0.16669,2.312,5.66,4.353,0.539,framework,0.994,1.004,0.01,0.1147,,1,0.4,1,1,1,1,1,0,0.021,0.1,0,0,0.5,0.7,0
NGC4068,6,2.33,101.575,23.482,0.597,0.02059,0.161,0.026,0.261,1,1,1,11.341,0.84032,4.948,24.486,7.268,0,0,0.33333,5.363,0.67961,1.571,2.962,2.182,4.787,framework,0.955,1.004,0.049,0.11417,,4.844,0.383,1,1,1,1,0,0,0.021,0.1,0,0,0.5,0.7,0
NGC3877,13,11.35,1007.355,159.067,2.156,0.01551,0.42,0.176,0.895,1,1,1,23.016,0.37044,3.621,13.113,5.625,0.07692,0.23077,0.46154,12.487,0.20384,1.802,3.519,2.874,3.201,framework,0.99,1,0.01,0.1135,,1,0,1,1,1,1,0,0,0.021,0.1,0,0,0.5,0.7,0
UGC00731,12,10.91,104.903,40.348,1.314,0.02131,0.493,0.243,0.911,1,1,1,11.449,0.21554,4.044,16.356,6.416,0,0.16667,0.16667,1.485,0.03173,0.555,0.335,0.99,3.551,framework,0.99,1,0.01,0.1091,,1,0,1,1,1,1,0,0,0.021,0.1,0,0,0.5,0.7,0
ESO444-G084,7,4.44,104.026,37.039,0.441,0.0116,0.171,0.029,0.296,1,1,1,10.544,0.18726,5.271,27.787,11.345,0,0.42857,0.57143,2.383,0.0997,1.1,1.411,2.546,5.1,framework,0.94,0.964,0.024,0.10656,,2.446,0,1,1,1,1,0,0,0.021,0.1,0,0,0.5,0.7,0
KK98-251,15,3.13,103.421,21.815,0.423,0.01901,0.211,0.045,0.52,1,1,1,10.846,0.63685,5.423,29.407,6.86,0,0,0.06667,4.072,0.48527,2.036,4.441,3.097,5.212,framework,0.966,1,0.034,0.10642,,3.4,0,1,1,1,1,0,0,0.021,0.1,0,0,0.5,0.7,0
UGC06818,8,6.98,102.874,34.98,1.472,0.023,0.261,0.068,0.556,1,1,1,13.594,0.42769,2.893,8.367,5.061,0.5,0.5,0.625,7.32,0.18927,1.464,2.448,2.147,2.632,framework,1.017,1.032,0.015,0.1047,,1.5,3.197,0,1,1,1,0,0,0.021,0.1,0,0,0.5,0.7,0
F563-V2,10,10.47,104.148,52.888,1.278,0.0245,0.085,0.007,0.155,1,1,1,23.51,0.25373,2.08,4.328,4.632,0.4,0.5,0.9,9.308,0.45399,1.044,1.212,2.047,1.996,framework,0.99,1,0.01,0.1047,,1,0,1,1,1,1,0,0,0.021,0.1,0,0,0.5,0.7,0
NGC4010,12,10.47,725.893,107.258,1.686,0.0191,0.308,0.095,0.784,1,1,1,11.463,0.15664,1.996,3.986,3.512,0.41667,0.58333,0.83333,8.373,0.08619,1.596,2.78,3.236,1.689,framework,0.99,1,0.01,0.1047,,1,0,1,1,1,1,0,0,0.021,0.1,0,0,0.5,0.7,0
IC2574,34,10.23,283.439,43.372,2.134,0.09423,2.908,8.456,15.423,0.61765,0.85294,0.91176,13.485,0.41397,15.441,238.41,48.985,0.05882,0.08824,0.26471,7.064,0.23539,7.909,64.441,40.174,12.533,framework,0.988,0.998,0.01,0.1023,,1,0,1,1,1,1,0,0,0.021,0.1,0,0,0.5,0.7,0
UGC07559,7,2.53,103.829,22.012,0.481,0.01687,0.149,0.022,0.367,1,1,1,10.46,0.52318,3.238,10.487,4.296,0,0,0.42857,2.357,0.19692,0.73,0.621,1.352,3.089,framework,0.973,1.013,0.04,0.1012,,4.06,1.349,0,1,1,1,0,0,0.021,0.1,0,0,0.5,0.7,0
UGC05414,6,4.11,104.885,32.938,0.824,0.01373,0.338,0.114,0.793,1,1,1,8.177,0.22263,3.335,11.125,3.939,0,0,0.16667,3.933,0.15773,1.599,3.069,2.985,2.998,framework,0.97,0.994,0.024,0.09864,,2.355,0,1,1,1,1,0,0,0.021,0.1,0,0,0.5,0.7,0
F561-1,6,9.66,102.442,31.116,0.909,0.02073,0.178,0.032,0.29,1,1,1,32.442,0.72774,6.34,40.197,9.621,0,0.16667,0.16667,2.451,0.07955,0.41,0.202,0.695,6.163,framework,0.99,1,0.01,0.0966,,1,0,1,1,1,1,0,0,0.021,0.1,0,0,0.5,0.7,0
UGC08286,17,8.04,104.786,45.107,1.069,0.01331,0.531,0.282,1.567,0.88235,1,1,11.205,0.16016,5.212,27.163,9.394,0.05882,0.05882,0.17647,5.45,0.12251,2.503,6.655,4.926,4.681,framework,0.988,1,0.012,0.09648,,1.2,0,1,1,1,1,0,0,0.021,0.1,0,0,0.5,0.7,0
NGC0100,21,9.62,103.285,43.694,1.02,0.02518,0.211,0.045,0.381,1,1,1,6.002,0.30706,1.367,1.869,2.807,0.66667,0.7619,1,4.665,0.40157,1.02,1.092,2.902,1.156,framework,0.99,1,0.01,0.0962,,1,0,1,1,1,1,0,0,0.021,0.1,0,0,0.5,0.7,0
CamB,9,1.79,100,13.589,0.568,0.08314,0.379,0.143,0.757,1,1,1,15.602,2.0481,10.402,108.193,12.062,0,0,0,2.716,0.58027,1.811,3.689,3.542,10.023,framework,0.948,1,0.052,0.09308,,5.2,0,1,1,1,1,0,0,0.021,0.1,0,0,0.5,0.7,0
UGC07089,12,9.16,618.321,70.262,1.216,0.02154,0.264,0.07,0.556,1,1,1,15.008,0.28457,3.165,10.014,4.519,0,0.25,0.5,5.452,0.10641,0.967,1.02,1.28,2.9,framework,0.988,0.998,0.01,0.0916,,1,0,1,1,1,1,0,0,0.021,0.1,0,0,0.5,0.7,0
NGC2976,27,2.27,635.827,67.451,2.265,0.0932,0.731,0.534,1.607,0.88889,1,1,5.419,0.3357,1.743,3.039,3.007,0.33333,0.62963,0.96296,10.897,0.47506,2.954,9.065,5.506,1.013,framework,0.962,1,0.038,0.08626,,3.8,0,1,1,1,1,0,0,0.021,0.1,0,0,0.5,0.7,0
UGC07232,4,0.82,102.335,24.824,0.427,0.01095,0.13,0.017,0.214,1,1,1,4.195,0.15143,1.271,1.616,1.9,0.25,1,1,4.451,0.19408,1.349,2.425,1.823,1.142,framework,0.918,1.015,0.097,0.07954,,9.7,1.5,0,1,1,1,0,0,0.021,0.1,0,0,0.5,0.7,0
NGC2366,26,6.06,104.562,33.084,0.751,0.02826,0.328,0.108,0.787,1,1,1,11.339,0.39005,5.036,25.357,8.402,0,0.03846,0.19231,4.001,0.36286,1.984,4.093,4.928,4.707,framework,0.991,1.004,0.013,0.07878,,1.253,0.389,1,1,1,1,0,0,0.021,0.1,0,0,0.5,0.7,0
UGC06973,9,7.85,104.303,73.724,1.582,0.00886,0.23,0.053,0.476,1,1,1,42.873,0.25079,9.538,90.975,20.209,0.33333,0.33333,0.44444,16.83,0.09693,3.283,12.127,6.446,9.308,framework,0.995,1.005,0.01,0.0785,,1,0.541,1,1,1,1,1,0,0.021,0.1,0,0,0.5,0.7,0
UGC07866,7,2.32,103.515,22.458,0.451,0.01476,0.111,0.012,0.268,1,1,1,8.082,0.31305,1.986,3.944,2.621,0.14286,0.42857,1,1.208,0.07698,0.297,0.103,0.572,1.875,framework,0.968,1,0.032,0.07424,,3.232,0,1,1,1,1,0,0,0.021,0.1,0,0,0.5,0.7,0
D631-7,16,7.19,103.691,32.154,0.659,0.01276,0.189,0.036,0.523,1,1,1,10.481,0.55178,5.482,30.051,8.984,0.375,0.375,0.4375,3.869,0.28516,1.905,3.871,5.588,5.293,framework,0.998,1.008,0.01,0.0719,,1,0.8,1,1,1,1,0,0,0.021,0.1,0,0,0.5,0.7,0
UGC04325,8,5.59,103.918,47.4,0.567,0.00696,0.186,0.035,0.294,1,1,1,16.551,0.22211,5.418,29.35,8.407,0,0,0.125,4.83,0.07513,1.583,2.864,2.489,5.232,framework,0.97,0.982,0.012,0.06708,,1.2,0,1,1,1,1,0,0,0.021,0.1,0,0,0.5,0.7,0
NGC3109,25,6.45,581.246,58.316,1.401,0.03998,0.688,0.474,2.167,0.88,0.96,1,5.056,0.14828,2.318,5.371,5.079,0.28,0.48,0.8,7.218,0.33433,3.819,15.196,11.292,1.629,framework,0.99,1,0.01,0.0645,,1,0,1,1,1,1,0,0,0.021,0.1,0,0,0.5,0.7,0
NGC4085,7,6.2,349.561,88.708,1.332,0.01206,0.245,0.06,0.476,1,1,1,22.092,0.38572,3.623,13.127,5.362,0,0.14286,0.42857,9.452,0.18407,1.501,2.628,2.697,3.378,framework,0.998,1.008,0.01,0.062,,1,0.8,1,1,1,1,0,0,0.021,0.1,0,0,0.5,0.7,0
UGC07151,11,5.5,104.175,40.882,0.81,0.01363,0.354,0.125,0.685,1,1,1,5.531,0.107,1.963,3.853,2.946,0.09091,0.54545,1,3.873,0.11007,1.701,3.184,3.625,1.609,framework,0.99,1,0.01,0.055,,1,0,1,1,1,1,0,0,0.021,0.1,0,0,0.5,0.7,0
NGC6789,4,0.71,103.768,27.498,0.578,0.01099,0.065,0.004,0.122,1,1,1,15.461,0.29883,2.473,6.115,3.802,0.25,0.5,0.75,8.087,0.2624,1.298,2.245,1.61,2.408,framework,0.924,1,0.076,0.05396,,7.6,0,1,1,1,1,0,0,0.021,0.1,0,0,0.5,0.7,0
UGC06923,6,5.16,104.463,41.674,0.548,0.00868,0.107,0.011,0.151,1,1,1,8.954,0.17983,1.485,2.205,2.31,0.33333,0.83333,1,3.069,0.05784,0.552,0.366,0.966,1.378,framework,0.99,1,0.01,0.0516,,1,0,1,1,1,1,0,0,0.021,0.1,0,0,0.5,0.7,0
UGC05918,8,4.46,104.197,28.29,0.861,0.02085,0.219,0.048,0.571,1,1,1,4.331,0.10835,1.102,1.214,1.979,0.5,1,1,1.235,0.06729,0.314,0.113,0.797,0.883,framework,0.992,1.002,0.01,0.0446,,1,0.187,1,1,1,1,0,0,0.021,0.1,0,0,0.5,0.7,0
DDO168,10,4.12,104.919,31.752,0.693,0.01692,0.444,0.197,0.883,1,1,1,7.823,0.30584,5.483,30.059,10.028,0.2,0.4,0.6,4.079,0.16668,2.636,7.72,4.325,5.038,framework,0.978,0.988,0.01,0.0412,,1.051,0,1,1,1,1,0,0,0.021,0.1,0,0,0.5,0.7,0
UGC04278,25,6.69,104.413,38.269,1.728,0.03711,0.362,0.131,1.27,0.96,1,1,7.639,0.16951,1.789,3.202,4.096,0.68,0.76,0.8,8.172,0.38921,1.568,2.562,3.461,1.428,framework,0.994,1,0.006,0.04014,,0.6,0,1,1,1,1,0,0,0.021,0.1,0,0,0.5,0.7,0
D512-2,4,3.83,207.025,33.132,0.726,0.02736,0.225,0.05,0.407,1,1,1,6.543,0.19679,1.632,2.664,1.954,0,1,1,1.58,0.04656,0.456,0.278,0.763,1.408,framework,0.99,1,0.01,0.0383,,1,0,1,1,1,1,0,0,0.021,0.1,0,0,0.5,0.7,0
UGC05764,10,3.62,104.921,35.017,1.019,0.02093,1.668,2.784,4.48,0.7,0.9,0.9,8.495,0.21493,14.822,219.698,30.433,0.2,0.2,0.2,3.734,0.09203,2.896,9.321,6.093,13.154,framework,0.99,1,0.01,0.0362,,1,0,1,1,1,1,0,0,0.021,0.1,0,0,0.5,0.7,0
UGC09992,5,3.89,104.647,26.035,0.701,0.02046,0.124,0.015,0.276,1,1,1,15.308,0.45806,2.705,7.315,3.78,0.2,0.4,0.6,3.172,0.10642,0.56,0.393,0.97,2.581,framework,0.991,1,0.009,0.03501,,0.937,0,1,1,1,1,0,0,0.021,0.1,0,0,0.5,0.7,0
UGC04483,8,1.21,103.667,19.499,0.516,0.0251,0.374,0.14,0.686,1,1,1,5.261,0.33125,3.354,11.25,5.874,0.125,0.125,0.5,1.431,0.21194,0.699,0.559,1.309,2.98,framework,0.956,0.984,0.028,0.03388,,2.781,0,1,1,1,1,0,0,0.021,0.1,0,0,0.5,0.7,0
UGCA281,7,1.08,101.225,21.589,0.433,0.01622,0.243,0.059,0.584,1,1,1,2.92,0.13778,1.831,3.352,2.387,0.14286,0.71429,1,1.701,0.20305,0.941,1.032,1.66,1.587,framework,0.968,0.999,0.031,0.03348,,3.068,0,1,1,1,1,0,0,0.021,0.1,0,0,0.5,0.7,0
DDO064,14,2.98,104.7,28.623,0.758,0.02423,0.14,0.02,0.257,1,1,1,3.521,0.16067,0.632,0.399,1.169,0.92857,1,1,4.771,0.28969,1.022,1.125,1.658,0.492,framework,0.996,1.006,0.01,0.0298,,1,0.586,1,1,1,1,0,0,0.021,0.1,0,0,0.5,0.7,0
IC4202,32,25.9,104.754,91.62,4.264,0.02267,0.613,0.375,1.404,0.875,1,1,25.621,0.48077,6.116,37.408,21.543,0.5,0.65625,0.65625,21.496,0.25185,4.088,17.249,11.135,5.504,framework,0.999,1,0.001,0.0259,,0.111,0,1,1,1,1,1,0,0.021,0.1,0,0,0.5,0.7,0
UGC07577,9,1.69,65.328,11.286,0.441,0.02807,0.139,0.019,0.388,1,1,1,13.113,1.20806,4.137,17.112,5.175,0.11111,0.11111,0.22222,1.847,0.25578,0.583,0.382,1.017,3.998,framework,0.989,1,0.011,0.01859,,1.068,0,1,1,1,1,0,0,0.021,0.1,0,0,0.5,0.7,0
UGC07323,10,5.82,103.9,39.534,1.078,0.0138,0.279,0.078,0.826,1,1,1,9.249,0.18322,2.39,5.712,2.962,0,0.2,1,5.81,0.1432,1.501,2.505,1.959,2.111,framework,0.998,1,0.002,0.01164,,0.157,0,1,1,1,1,0,0,0.021,0.1,0,0,0.5,0.7,0
UGC05986,15,9.41,504.236,99.393,5.483,0.06231,1.361,1.852,2.19,0.46667,0.93333,1,15.237,0.153,5.484,30.072,9.673,0.06667,0.13333,0.26667,9.613,0.14749,2.634,7.432,5.161,4.123,framework,1.045,1,-0.045,-0.42345,,0,0,1,1,1,1,0,0,0.021,0.1,0,0,0.5,0.7,0
NGC0289,28,71.12,140.5,91.829,9.123,0.0538,0.939,0.882,2.339,0.71429,0.96429,1,23.447,0.14058,3.408,11.615,8.078,0.21429,0.39286,0.57143,41.883,0.23914,4.405,20.124,11.575,2.469,framework,1.024,1,-0.024,-1.70688,,0,0,1,1,1,1,0,0,0.021,0.1,0,0,0.5,0.7,0
